product_id,year_week,week_start,weekly_units,promo_days
1,2023-00,2023-01-01,20,0
1,2023-01,2023-01-02,154,0
1,2023-02,2023-01-09,128,0
1,2023-03,2023-01-16,153,1
1,2023-04,2023-01-23,162,0
1,2023-05,2023-01-30,156,0
1,2023-06,2023-02-06,165,1
1,2023-07,2023-02-13,172,0
1,2023-08,2023-02-20,173,1
1,2023-09,2023-02-27,157,1
1,2023-10,2023-03-06,171,2
1,2023-11,2023-03-13,147,1
1,2023-12,2023-03-20,146,0
1,2023-13,2023-03-27,144,1
1,2023-14,2023-04-03,126,0
1,2023-15,2023-04-10,124,0
1,2023-16,2023-04-17,144,1
1,2023-17,2023-04-24,120,1
1,2023-18,2023-05-01,130,1
1,2023-19,2023-05-08,106,1
1,2023-20,2023-05-15,109,0
1,2023-21,2023-05-22,97,0
1,2023-22,2023-05-29,104,2
1,2023-23,2023-06-05,91,1
1,2023-24,2023-06-12,79,0
1,2023-25,2023-06-19,83,0
1,2023-26,2023-06-26,85,0
1,2023-27,2023-07-03,96,1
1,2023-28,2023-07-10,75,0
1,2023-29,2023-07-17,81,0
1,2023-30,2023-07-24,79,0
1,2023-31,2023-07-31,88,0
1,2023-32,2023-08-07,86,0
1,2023-33,2023-08-14,81,0
1,2023-34,2023-08-21,75,1
1,2023-35,2023-08-28,118,3
1,2023-36,2023-09-05,70,1
1,2023-37,2023-09-11,90,0
1,2023-38,2023-09-18,98,1
1,2023-39,2023-09-25,109,0
1,2023-40,2023-10-02,106,0
1,2023-41,2023-10-09,98,0
1,2023-42,2023-10-16,136,1
1,2023-43,2023-10-23,129,1
1,2023-44,2023-10-30,126,0
1,2023-45,2023-11-06,170,2
1,2023-46,2023-11-13,144,0
1,2023-47,2023-11-20,136,0
1,2023-48,2023-11-27,149,1
1,2023-49,2023-12-04,161,1
1,2023-50,2023-12-11,156,0
1,2023-51,2023-12-18,160,0
1,2023-52,2023-12-25,158,0
1,2024-01,2024-01-01,155,0
1,2024-02,2024-01-08,172,0
1,2024-03,2024-01-15,165,1
1,2024-04,2024-01-22,195,1
1,2024-05,2024-01-29,187,1
1,2024-06,2024-02-05,157,0
1,2024-07,2024-02-12,150,1
1,2024-08,2024-02-19,151,0
1,2024-09,2024-02-26,163,0
1,2024-10,2024-03-04,169,2
1,2024-11,2024-03-11,145,0
1,2024-12,2024-03-18,141,0
1,2024-13,2024-03-25,146,0
1,2024-14,2024-04-01,163,1
1,2024-15,2024-04-08,148,1
1,2024-16,2024-04-15,134,0
1,2024-17,2024-04-22,143,1
1,2024-18,2024-04-29,134,1
1,2024-19,2024-05-06,132,1
1,2024-20,2024-05-13,115,0
1,2024-21,2024-05-20,114,1
1,2024-22,2024-05-27,109,0
1,2024-23,2024-06-03,118,1
1,2024-24,2024-06-10,98,0
1,2024-25,2024-06-17,106,1
1,2024-26,2024-06-24,100,0
1,2024-27,2024-07-01,85,0
1,2024-28,2024-07-08,103,2
1,2024-29,2024-07-15,104,0
1,2024-30,2024-07-22,93,0
1,2024-31,2024-07-29,100,1
1,2024-32,2024-08-05,93,1
1,2024-33,2024-08-12,115,3
1,2024-34,2024-08-19,94,0
1,2024-35,2024-08-26,100,1
1,2024-36,2024-09-02,94,1
1,2024-37,2024-09-09,113,1
1,2024-38,2024-09-16,108,0
1,2024-39,2024-09-23,110,1
1,2024-40,2024-09-30,125,1
1,2024-41,2024-10-07,128,1
1,2024-42,2024-10-14,119,1
1,2024-43,2024-10-21,134,1
1,2024-44,2024-10-28,163,2
1,2024-45,2024-11-04,132,0
1,2024-46,2024-11-11,147,0
1,2024-47,2024-11-18,149,1
1,2024-48,2024-11-25,153,0
1,2024-49,2024-12-02,182,1
1,2024-50,2024-12-09,160,0
1,2024-51,2024-12-16,165,0
1,2024-52,2024-12-23,166,0
1,2024-53,2024-12-30,51,0
1,2025-00,2025-01-01,139,1
1,2025-01,2025-01-06,169,0
1,2025-02,2025-01-13,167,0
1,2025-03,2025-01-20,197,1
1,2025-04,2025-01-27,175,0
1,2025-05,2025-02-03,162,0
1,2025-06,2025-02-10,216,3
1,2025-07,2025-02-17,177,0
1,2025-08,2025-02-24,171,0
1,2025-09,2025-03-03,176,0
1,2025-10,2025-03-10,158,0
1,2025-11,2025-03-17,147,0
1,2025-12,2025-03-24,169,0
1,2025-13,2025-03-31,163,0
1,2025-14,2025-04-07,144,0
1,2025-15,2025-04-14,160,3
1,2025-16,2025-04-21,149,1
1,2025-17,2025-04-28,127,0
1,2025-18,2025-05-05,133,1
1,2025-19,2025-05-12,111,0
1,2025-20,2025-05-19,139,1
1,2025-21,2025-05-26,106,0
1,2025-22,2025-06-02,126,1
1,2025-23,2025-06-09,115,2
1,2025-24,2025-06-16,89,0
1,2025-25,2025-06-23,107,0
1,2025-26,2025-06-30,98,1
1,2025-27,2025-07-07,100,0
1,2025-28,2025-07-14,96,0
1,2025-29,2025-07-21,109,1
1,2025-30,2025-07-28,97,0
1,2025-31,2025-08-04,105,1
1,2025-32,2025-08-11,96,0
1,2025-33,2025-08-18,111,0
1,2025-34,2025-08-25,107,0
1,2025-35,2025-09-01,101,0
1,2025-36,2025-09-08,119,0
1,2025-37,2025-09-15,111,1
1,2025-38,2025-09-22,116,0
1,2025-39,2025-09-29,122,1
1,2025-40,2025-10-06,127,1
1,2025-41,2025-10-13,141,0
1,2025-42,2025-10-20,154,2
1,2025-43,2025-10-27,137,0
1,2025-44,2025-11-03,142,0
1,2025-45,2025-11-10,165,1
1,2025-46,2025-11-17,168,1
1,2025-47,2025-11-24,176,1
1,2025-48,2025-12-01,160,0
1,2025-49,2025-12-08,166,0
1,2025-50,2025-12-15,171,0
1,2025-51,2025-12-22,186,1
1,2025-52,2025-12-29,74,0
2,2023-00,2023-01-01,4,0
2,2023-01,2023-01-02,26,1
2,2023-02,2023-01-09,27,0
2,2023-03,2023-01-16,27,1
2,2023-04,2023-01-23,25,0
2,2023-05,2023-01-30,30,0
2,2023-06,2023-02-06,29,1
2,2023-07,2023-02-13,24,1
2,2023-08,2023-02-20,26,0
2,2023-09,2023-02-27,25,0
2,2023-10,2023-03-06,28,0
2,2023-11,2023-03-13,22,1
2,2023-12,2023-03-20,24,1
2,2023-13,2023-03-27,25,0
2,2023-14,2023-04-03,23,0
2,2023-15,2023-04-10,21,0
2,2023-16,2023-04-17,24,0
2,2023-17,2023-04-24,21,1
2,2023-18,2023-05-01,20,0
2,2023-19,2023-05-08,20,0
2,2023-20,2023-05-15,17,0
2,2023-21,2023-05-22,16,0
2,2023-22,2023-05-29,16,0
2,2023-23,2023-06-05,14,0
2,2023-24,2023-06-12,18,2
2,2023-25,2023-06-19,16,1
2,2023-26,2023-06-26,16,2
2,2023-27,2023-07-03,14,1
2,2023-28,2023-07-10,14,1
2,2023-29,2023-07-17,13,0
2,2023-30,2023-07-24,16,2
2,2023-31,2023-07-31,14,0
2,2023-32,2023-08-07,14,1
2,2023-33,2023-08-14,15,1
2,2023-34,2023-08-21,13,0
2,2023-35,2023-08-28,15,1
2,2023-36,2023-09-04,14,1
2,2023-37,2023-09-11,18,1
2,2023-38,2023-09-18,17,0
2,2023-39,2023-09-25,17,1
2,2023-40,2023-10-02,20,2
2,2023-41,2023-10-09,18,1
2,2023-42,2023-10-16,20,0
2,2023-43,2023-10-23,19,0
2,2023-44,2023-10-30,21,0
2,2023-45,2023-11-06,25,1
2,2023-46,2023-11-13,25,0
2,2023-47,2023-11-20,23,1
2,2023-48,2023-11-27,26,2
2,2023-49,2023-12-04,26,1
2,2023-50,2023-12-11,29,1
2,2023-51,2023-12-18,26,0
2,2023-52,2023-12-25,31,1
2,2024-01,2024-01-01,28,0
2,2024-02,2024-01-08,32,2
2,2024-03,2024-01-15,30,0
2,2024-04,2024-01-22,30,1
2,2024-05,2024-01-29,31,2
2,2024-06,2024-02-05,33,1
2,2024-07,2024-02-12,23,0
2,2024-08,2024-02-19,24,0
2,2024-09,2024-02-26,29,1
2,2024-10,2024-03-04,22,1
2,2024-11,2024-03-11,26,1
2,2024-12,2024-03-18,25,0
2,2024-13,2024-03-25,27,0
2,2024-14,2024-04-01,25,1
2,2024-15,2024-04-08,25,2
2,2024-16,2024-04-15,22,0
2,2024-17,2024-04-22,22,0
2,2024-18,2024-04-29,23,1
2,2024-19,2024-05-06,20,1
2,2024-20,2024-05-13,19,0
2,2024-21,2024-05-20,21,0
2,2024-22,2024-05-27,19,0
2,2024-23,2024-06-03,15,0
2,2024-24,2024-06-10,19,1
2,2024-25,2024-06-17,19,2
2,2024-26,2024-06-24,19,0
2,2024-27,2024-07-01,15,0
2,2024-28,2024-07-08,17,1
2,2024-29,2024-07-15,16,2
2,2024-30,2024-07-22,14,0
2,2024-31,2024-07-29,16,1
2,2024-32,2024-08-05,15,2
2,2024-33,2024-08-12,19,0
2,2024-34,2024-08-19,15,1
2,2024-35,2024-08-26,15,0
2,2024-36,2024-09-02,17,0
2,2024-37,2024-09-09,18,0
2,2024-38,2024-09-16,19,0
2,2024-39,2024-09-23,18,1
2,2024-40,2024-09-30,20,1
2,2024-41,2024-10-07,20,0
2,2024-42,2024-10-14,22,1
2,2024-43,2024-10-21,22,1
2,2024-44,2024-10-28,25,2
2,2024-45,2024-11-04,24,0
2,2024-46,2024-11-11,28,1
2,2024-47,2024-11-18,27,0
2,2024-48,2024-11-25,29,0
2,2024-49,2024-12-02,27,0
2,2024-50,2024-12-09,32,1
2,2024-51,2024-12-16,25,0
2,2024-52,2024-12-23,28,0
2,2024-53,2024-12-30,8,0
2,2025-00,2025-01-01,20,0
2,2025-01,2025-01-06,30,0
2,2025-02,2025-01-13,26,1
2,2025-03,2025-01-20,30,0
2,2025-04,2025-01-27,31,1
2,2025-05,2025-02-03,31,1
2,2025-06,2025-02-10,30,1
2,2025-07,2025-02-17,30,0
2,2025-08,2025-02-24,29,0
2,2025-09,2025-03-03,29,0
2,2025-10,2025-03-10,29,0
2,2025-11,2025-03-17,30,1
2,2025-12,2025-03-24,28,1
2,2025-13,2025-03-31,26,0
2,2025-14,2025-04-07,25,0
2,2025-15,2025-04-14,26,1
2,2025-16,2025-04-21,24,2
2,2025-17,2025-04-28,22,0
2,2025-18,2025-05-05,21,0
2,2025-19,2025-05-12,21,1
2,2025-20,2025-05-19,21,2
2,2025-21,2025-05-26,19,0
2,2025-22,2025-06-02,18,0
2,2025-23,2025-06-09,16,0
2,2025-24,2025-06-16,16,0
2,2025-25,2025-06-23,17,0
2,2025-26,2025-06-30,18,0
2,2025-27,2025-07-07,18,1
2,2025-28,2025-07-14,16,1
2,2025-29,2025-07-21,14,2
2,2025-30,2025-07-28,18,0
2,2025-31,2025-08-04,17,0
2,2025-32,2025-08-11,17,1
2,2025-33,2025-08-18,16,1
2,2025-34,2025-08-25,19,2
2,2025-35,2025-09-01,17,0
2,2025-36,2025-09-08,19,0
2,2025-37,2025-09-15,15,1
2,2025-38,2025-09-22,21,1
2,2025-39,2025-09-29,24,1
2,2025-40,2025-10-06,26,1
2,2025-41,2025-10-13,21,0
2,2025-42,2025-10-20,23,0
2,2025-43,2025-10-27,24,0
2,2025-44,2025-11-03,24,0
2,2025-45,2025-11-10,27,0
2,2025-46,2025-11-17,27,0
2,2025-47,2025-11-24,27,1
2,2025-48,2025-12-01,26,0
2,2025-49,2025-12-08,31,1
2,2025-50,2025-12-15,29,0
2,2025-51,2025-12-22,32,1
2,2025-52,2025-12-29,14,0
3,2023-00,2023-01-01,22,0
3,2023-01,2023-01-02,154,1
3,2023-02,2023-01-09,149,0
3,2023-03,2023-01-16,145,0
3,2023-04,2023-01-23,160,0
3,2023-05,2023-01-30,150,0
3,2023-06,2023-02-06,149,0
3,2023-07,2023-02-13,160,1
3,2023-08,2023-02-20,147,0
3,2023-09,2023-02-27,157,1
3,2023-10,2023-03-06,144,0
3,2023-11,2023-03-13,163,2
3,2023-12,2023-03-20,124,0
3,2023-13,2023-03-27,133,1
3,2023-14,2023-04-03,133,0
3,2023-15,2023-04-10,112,0
3,2023-16,2023-04-18,110,0
3,2023-17,2023-04-24,115,0
3,2023-18,2023-05-01,127,1
3,2023-19,2023-05-08,112,0
3,2023-20,2023-05-15,100,1
3,2023-21,2023-05-22,109,1
3,2023-22,2023-05-29,102,1
3,2023-23,2023-06-05,103,1
3,2023-24,2023-06-12,82,0
3,2023-25,2023-06-19,85,0
3,2023-26,2023-06-26,73,1
3,2023-27,2023-07-03,91,3
3,2023-28,2023-07-10,90,2
3,2023-29,2023-07-17,92,3
3,2023-30,2023-07-24,81,1
3,2023-31,2023-07-31,65,0
3,2023-32,2023-08-07,99,1
3,2023-33,2023-08-14,84,0
3,2023-34,2023-08-21,72,1
3,2023-35,2023-08-28,88,1
3,2023-36,2023-09-04,107,1
3,2023-37,2023-09-11,90,1
3,2023-38,2023-09-18,101,2
3,2023-39,2023-09-25,106,1
3,2023-40,2023-10-02,112,1
3,2023-41,2023-10-09,124,2
3,2023-42,2023-10-16,106,0
3,2023-43,2023-10-23,116,0
3,2023-44,2023-10-30,127,0
3,2023-45,2023-11-06,120,0
3,2023-46,2023-11-13,128,1
3,2023-47,2023-11-20,134,0
3,2023-48,2023-11-27,150,1
3,2023-49,2023-12-04,144,0
3,2023-50,2023-12-11,164,1
3,2023-51,2023-12-18,151,0
3,2023-52,2023-12-25,159,1
3,2024-01,2024-01-01,140,1
3,2024-02,2024-01-08,171,1
3,2024-03,2024-01-15,161,1
3,2024-04,2024-01-22,177,2
3,2024-05,2024-01-29,168,1
3,2024-06,2024-02-05,166,1
3,2024-07,2024-02-12,175,1
3,2024-08,2024-02-19,155,0
3,2024-09,2024-02-26,164,0
3,2024-10,2024-03-04,141,0
3,2024-11,2024-03-11,148,1
3,2024-12,2024-03-18,155,1
3,2024-13,2024-03-25,137,0
3,2024-14,2024-04-01,130,0
3,2024-15,2024-04-09,112,0
3,2024-16,2024-04-15,147,1
3,2024-17,2024-04-22,130,0
3,2024-18,2024-04-29,135,2
3,2024-19,2024-05-06,112,1
3,2024-20,2024-05-13,113,1
3,2024-21,2024-05-20,113,0
3,2024-22,2024-05-27,85,0
3,2024-23,2024-06-03,115,2
3,2024-24,2024-06-10,93,0
3,2024-25,2024-06-17,118,2
3,2024-26,2024-06-24,100,1
3,2024-27,2024-07-01,86,0
3,2024-28,2024-07-08,90,0
3,2024-29,2024-07-15,80,0
3,2024-30,2024-07-22,93,2
3,2024-31,2024-07-29,88,0
3,2024-32,2024-08-05,91,0
3,2024-33,2024-08-12,93,0
3,2024-34,2024-08-19,82,0
3,2024-35,2024-08-26,97,1
3,2024-36,2024-09-02,95,1
3,2024-37,2024-09-09,105,1
3,2024-38,2024-09-16,89,1
3,2024-39,2024-09-23,113,0
3,2024-40,2024-09-30,99,0
3,2024-41,2024-10-07,103,0
3,2024-42,2024-10-14,123,0
3,2024-43,2024-10-21,165,3
3,2024-44,2024-10-28,134,0
3,2024-45,2024-11-04,134,2
3,2024-46,2024-11-11,136,0
3,2024-47,2024-11-18,145,0
3,2024-48,2024-11-25,147,1
3,2024-49,2024-12-02,158,1
3,2024-50,2024-12-09,150,0
3,2024-51,2024-12-16,177,1
3,2024-52,2024-12-23,173,1
3,2024-53,2024-12-30,43,0
3,2025-00,2025-01-01,127,1
3,2025-01,2025-01-06,185,2
3,2025-02,2025-01-13,187,3
3,2025-03,2025-01-20,159,0
3,2025-04,2025-01-27,171,0
3,2025-05,2025-02-03,184,1
3,2025-06,2025-02-10,173,2
3,2025-07,2025-02-17,166,0
3,2025-08,2025-02-24,152,0
3,2025-09,2025-03-03,164,0
3,2025-10,2025-03-10,169,1
3,2025-11,2025-03-17,154,1
3,2025-12,2025-03-24,155,2
3,2025-13,2025-03-31,137,0
3,2025-14,2025-04-07,161,2
3,2025-15,2025-04-14,141,0
3,2025-16,2025-04-21,134,1
3,2025-17,2025-04-29,113,0
3,2025-18,2025-05-05,132,0
3,2025-19,2025-05-12,118,0
3,2025-20,2025-05-19,100,0
3,2025-21,2025-05-26,105,0
3,2025-22,2025-06-02,112,0
3,2025-23,2025-06-09,102,0
3,2025-24,2025-06-16,94,0
3,2025-25,2025-06-23,98,0
3,2025-26,2025-06-30,91,0
3,2025-27,2025-07-07,92,1
3,2025-28,2025-07-14,78,1
3,2025-29,2025-07-21,93,1
3,2025-30,2025-07-28,84,0
3,2025-31,2025-08-04,92,1
3,2025-32,2025-08-11,92,0
3,2025-33,2025-08-18,93,0
3,2025-34,2025-08-25,97,0
3,2025-35,2025-09-01,127,2
3,2025-36,2025-09-08,99,0
3,2025-37,2025-09-15,117,1
3,2025-38,2025-09-22,112,0
3,2025-39,2025-09-29,118,1
3,2025-40,2025-10-06,129,1
3,2025-41,2025-10-13,125,0
3,2025-42,2025-10-20,126,0
3,2025-43,2025-10-27,141,0
3,2025-44,2025-11-03,158,2
3,2025-45,2025-11-10,144,0
3,2025-46,2025-11-17,155,1
3,2025-47,2025-11-24,170,2
3,2025-48,2025-12-01,169,1
3,2025-49,2025-12-08,186,2
3,2025-50,2025-12-15,166,1
3,2025-51,2025-12-22,180,1
3,2025-52,2025-12-29,92,1
4,2023-00,2023-01-01,4,0
4,2023-01,2023-01-02,31,0
4,2023-02,2023-01-09,29,0
4,2023-03,2023-01-16,35,2
4,2023-04,2023-01-23,36,1
4,2023-05,2023-01-30,34,1
4,2023-06,2023-02-06,29,0
4,2023-07,2023-02-13,32,0
4,2023-08,2023-02-20,27,0
4,2023-09,2023-02-27,27,0
4,2023-10,2023-03-06,28,0
4,2023-11,2023-03-13,27,0
4,2023-12,2023-03-20,25,0
4,2023-13,2023-03-27,28,0
4,2023-14,2023-04-03,29,1
4,2023-15,2023-04-10,25,0
4,2023-16,2023-04-17,25,0
4,2023-17,2023-04-24,23,0
4,2023-18,2023-05-01,21,0
4,2023-19,2023-05-08,24,1
4,2023-20,2023-05-15,19,2
4,2023-21,2023-05-22,18,0
4,2023-22,2023-05-29,21,1
4,2023-23,2023-06-05,16,0
4,2023-24,2023-06-12,20,1
4,2023-25,2023-06-19,17,0
4,2023-26,2023-06-26,16,0
4,2023-27,2023-07-03,15,0
4,2023-28,2023-07-10,19,0
4,2023-29,2023-07-17,15,0
4,2023-30,2023-07-24,18,1
4,2023-31,2023-07-31,15,1
4,2023-32,2023-08-07,16,1
4,2023-33,2023-08-14,13,0
4,2023-34,2023-08-21,16,0
4,2023-35,2023-08-28,15,1
4,2023-36,2023-09-04,19,0
4,2023-37,2023-09-11,21,0
4,2023-38,2023-09-18,19,0
4,2023-39,2023-09-25,21,0
4,2023-40,2023-10-02,18,0
4,2023-41,2023-10-09,25,2
4,2023-42,2023-10-16,24,0
4,2023-43,2023-10-23,23,2
4,2023-44,2023-10-30,24,1
4,2023-45,2023-11-06,28,0
4,2023-46,2023-11-13,25,0
4,2023-47,2023-11-20,29,1
4,2023-48,2023-11-27,29,0
4,2023-49,2023-12-05,24,0
4,2023-50,2023-12-11,27,0
4,2023-51,2023-12-18,31,0
4,2023-52,2023-12-25,31,0
4,2024-01,2024-01-01,32,0
4,2024-02,2024-01-08,39,2
4,2024-03,2024-01-15,36,1
4,2024-04,2024-01-22,37,1
4,2024-05,2024-01-29,32,0
4,2024-06,2024-02-05,33,0
4,2024-07,2024-02-12,34,1
4,2024-08,2024-02-19,35,0
4,2024-09,2024-02-26,30,0
4,2024-10,2024-03-04,30,1
4,2024-11,2024-03-11,30,0
4,2024-12,2024-03-18,31,0
4,2024-13,2024-03-25,27,0
4,2024-14,2024-04-01,29,0
4,2024-15,2024-04-08,30,1
4,2024-16,2024-04-15,21,0
4,2024-17,2024-04-22,30,2
4,2024-18,2024-04-29,23,0
4,2024-19,2024-05-06,25,1
4,2024-20,2024-05-13,20,0
4,2024-21,2024-05-20,23,0
4,2024-22,2024-05-27,22,0
4,2024-23,2024-06-03,21,0
4,2024-24,2024-06-10,18,2
4,2024-25,2024-06-17,19,0
4,2024-26,2024-06-24,19,0
4,2024-27,2024-07-01,18,1
4,2024-28,2024-07-08,18,0
4,2024-29,2024-07-15,21,1
4,2024-30,2024-07-22,17,0
4,2024-31,2024-07-29,18,1
4,2024-32,2024-08-05,18,0
4,2024-33,2024-08-12,18,1
4,2024-34,2024-08-19,17,1
4,2024-35,2024-08-26,24,1
4,2024-36,2024-09-02,17,0
4,2024-37,2024-09-09,21,1
4,2024-38,2024-09-16,22,1
4,2024-39,2024-09-23,21,0
4,2024-40,2024-09-30,26,2
4,2024-41,2024-10-07,25,1
4,2024-42,2024-10-14,23,1
4,2024-43,2024-10-21,27,1
4,2024-44,2024-10-28,24,0
4,2024-45,2024-11-04,31,1
4,2024-46,2024-11-11,27,0
4,2024-47,2024-11-18,31,0
4,2024-48,2024-11-25,33,1
4,2024-49,2024-12-02,32,0
4,2024-50,2024-12-09,30,0
4,2024-51,2024-12-16,32,0
4,2024-52,2024-12-23,33,0
4,2024-53,2024-12-30,9,0
4,2025-00,2025-01-01,25,1
4,2025-01,2025-01-06,33,0
4,2025-02,2025-01-13,30,0
4,2025-03,2025-01-20,34,0
4,2025-04,2025-01-27,35,0
4,2025-05,2025-02-03,32,0
4,2025-06,2025-02-10,34,0
4,2025-07,2025-02-17,35,0
4,2025-08,2025-02-24,37,2
4,2025-09,2025-03-03,34,1
4,2025-10,2025-03-10,28,0
4,2025-11,2025-03-17,31,1
4,2025-12,2025-03-24,30,1
4,2025-13,2025-03-31,32,1
4,2025-14,2025-04-07,30,1
4,2025-15,2025-04-14,29,1
4,2025-16,2025-04-21,29,1
4,2025-17,2025-04-28,28,2
4,2025-18,2025-05-05,26,0
4,2025-19,2025-05-12,29,2
4,2025-20,2025-05-19,28,2
4,2025-21,2025-05-26,18,0
4,2025-22,2025-06-02,22,2
4,2025-23,2025-06-09,23,1
4,2025-24,2025-06-16,17,0
4,2025-25,2025-06-23,17,0
4,2025-26,2025-06-30,20,0
4,2025-27,2025-07-07,19,0
4,2025-28,2025-07-14,18,0
4,2025-29,2025-07-21,20,2
4,2025-30,2025-07-28,18,0
4,2025-31,2025-08-04,22,1
4,2025-32,2025-08-11,20,1
4,2025-33,2025-08-18,16,0
4,2025-34,2025-08-25,20,1
4,2025-35,2025-09-01,19,0
4,2025-36,2025-09-08,23,0
4,2025-37,2025-09-15,22,0
4,2025-38,2025-09-22,21,0
4,2025-39,2025-09-29,26,0
4,2025-40,2025-10-06,24,1
4,2025-41,2025-10-13,24,0
4,2025-42,2025-10-20,26,0
4,2025-43,2025-10-27,32,1
4,2025-44,2025-11-03,26,0
4,2025-45,2025-11-10,30,0
4,2025-46,2025-11-17,35,1
4,2025-47,2025-11-24,31,0
4,2025-48,2025-12-01,34,1
4,2025-49,2025-12-08,38,2
4,2025-50,2025-12-15,33,0
4,2025-51,2025-12-22,35,1
4,2025-52,2025-12-29,16,0
5,2023-00,2023-01-01,40,0
5,2023-01,2023-01-02,223,1
5,2023-02,2023-01-09,237,1
5,2023-03,2023-01-16,247,1
5,2023-04,2023-01-23,224,1
5,2023-05,2023-01-30,225,0
5,2023-06,2023-02-06,247,0
5,2023-07,2023-02-13,226,0
5,2023-08,2023-02-20,250,1
5,2023-09,2023-02-27,240,1
5,2023-10,2023-03-06,203,0
5,2023-11,2023-03-13,244,1
5,2023-12,2023-03-20,220,1
5,2023-13,2023-03-27,227,1
5,2023-14,2023-04-03,195,0
5,2023-15,2023-04-10,192,1
5,2023-16,2023-04-17,182,0
5,2023-17,2023-04-24,131,0
5,2023-18,2023-05-01,148,0
5,2023-19,2023-05-08,159,0
5,2023-20,2023-05-15,144,1
5,2023-21,2023-05-22,153,0
5,2023-22,2023-05-29,136,0
5,2023-23,2023-06-05,135,0
5,2023-24,2023-06-12,131,1
5,2023-25,2023-06-19,118,0
5,2023-26,2023-06-26,138,0
5,2023-27,2023-07-03,115,1
5,2023-28,2023-07-10,114,0
5,2023-29,2023-07-17,104,0
5,2023-30,2023-07-24,137,2
5,2023-31,2023-07-31,117,0
5,2023-32,2023-08-07,131,0
5,2023-33,2023-08-14,119,1
5,2023-34,2023-08-21,120,0
5,2023-35,2023-08-28,129,0
5,2023-36,2023-09-04,151,1
5,2023-37,2023-09-11,130,0
5,2023-38,2023-09-18,124,0
5,2023-39,2023-09-25,162,1
5,2023-40,2023-10-02,133,0
5,2023-41,2023-10-09,147,0
5,2023-42,2023-10-16,189,2
5,2023-43,2023-10-23,159,0
5,2023-44,2023-10-30,180,0
5,2023-45,2023-11-06,202,1
5,2023-46,2023-11-13,196,0
5,2023-47,2023-11-20,220,0
5,2023-48,2023-11-27,224,1
5,2023-49,2023-12-04,220,0
5,2023-50,2023-12-11,250,1
5,2023-51,2023-12-18,205,0
5,2023-52,2023-12-25,275,3
5,2024-01,2024-01-01,250,1
5,2024-02,2024-01-08,263,2
5,2024-03,2024-01-15,263,2
5,2024-04,2024-01-23,196,0
5,2024-05,2024-01-29,270,1
5,2024-06,2024-02-05,244,1
5,2024-07,2024-02-12,236,0
5,2024-08,2024-02-19,206,0
5,2024-09,2024-02-26,235,1
5,2024-10,2024-03-04,273,2
5,2024-11,2024-03-11,222,0
5,2024-12,2024-03-18,231,1
5,2024-13,2024-03-25,215,0
5,2024-14,2024-04-01,204,0
5,2024-15,2024-04-08,190,0
5,2024-16,2024-04-15,212,0
5,2024-17,2024-04-22,208,1
5,2024-18,2024-04-29,197,1
5,2024-19,2024-05-06,173,0
5,2024-20,2024-05-13,180,1
5,2024-21,2024-05-20,179,2
5,2024-22,2024-05-27,139,0
5,2024-23,2024-06-03,160,0
5,2024-24,2024-06-10,145,0
5,2024-25,2024-06-17,144,1
5,2024-26,2024-06-24,129,1
5,2024-27,2024-07-01,132,0
5,2024-28,2024-07-08,139,0
5,2024-29,2024-07-15,119,1
5,2024-30,2024-07-22,133,0
5,2024-31,2024-07-29,127,1
5,2024-32,2024-08-05,122,0
5,2024-33,2024-08-12,146,1
5,2024-34,2024-08-19,138,0
5,2024-35,2024-08-26,171,2
5,2024-36,2024-09-02,144,1
5,2024-37,2024-09-09,160,0
5,2024-38,2024-09-16,138,0
5,2024-39,2024-09-23,169,0
5,2024-40,2024-09-30,185,1
5,2024-41,2024-10-07,175,0
5,2024-42,2024-10-14,195,0
5,2024-43,2024-10-21,202,1
5,2024-44,2024-10-28,186,0
5,2024-45,2024-11-04,209,0
5,2024-46,2024-11-11,203,0
5,2024-47,2024-11-18,220,0
5,2024-48,2024-11-25,244,1
5,2024-49,2024-12-02,225,0
5,2024-50,2024-12-09,239,0
5,2024-51,2024-12-16,234,0
5,2024-52,2024-12-23,249,1
5,2024-53,2024-12-30,66,0
5,2025-00,2025-01-01,185,1
5,2025-01,2025-01-06,265,1
5,2025-02,2025-01-13,248,0
5,2025-03,2025-01-20,251,2
5,2025-04,2025-01-27,267,0
5,2025-05,2025-02-03,240,0
5,2025-06,2025-02-10,288,2
5,2025-07,2025-02-17,269,1
5,2025-08,2025-02-24,233,0
5,2025-09,2025-03-03,291,4
5,2025-10,2025-03-10,253,2
5,2025-11,2025-03-17,230,1
5,2025-12,2025-03-24,224,0
5,2025-13,2025-03-31,229,1
5,2025-14,2025-04-07,220,0
5,2025-15,2025-04-14,226,1
5,2025-16,2025-04-21,190,0
5,2025-17,2025-04-28,194,0
5,2025-18,2025-05-05,183,0
5,2025-19,2025-05-12,180,0
5,2025-20,2025-05-19,194,2
5,2025-21,2025-05-26,179,0
5,2025-22,2025-06-02,175,1
5,2025-23,2025-06-09,160,0
5,2025-24,2025-06-16,157,1
5,2025-25,2025-06-23,152,0
5,2025-26,2025-06-30,146,0
5,2025-27,2025-07-07,161,2
5,2025-28,2025-07-14,137,0
5,2025-29,2025-07-21,145,0
5,2025-30,2025-07-28,148,1
5,2025-31,2025-08-04,139,1
5,2025-32,2025-08-11,136,0
5,2025-33,2025-08-18,148,0
5,2025-34,2025-08-25,143,0
5,2025-35,2025-09-01,153,0
5,2025-36,2025-09-08,159,1
5,2025-37,2025-09-15,177,1
5,2025-38,2025-09-22,161,1
5,2025-39,2025-09-29,163,0
5,2025-40,2025-10-06,196,1
5,2025-41,2025-10-13,176,0
5,2025-42,2025-10-20,216,1
5,2025-43,2025-10-27,211,0
5,2025-44,2025-11-03,186,0
5,2025-45,2025-11-10,248,1
5,2025-46,2025-11-17,212,0
5,2025-47,2025-11-24,240,0
5,2025-48,2025-12-01,267,1
5,2025-49,2025-12-08,260,1
5,2025-50,2025-12-15,245,0
5,2025-51,2025-12-22,242,0
5,2025-52,2025-12-29,129,1
6,2023-00,2023-01-01,19,0
6,2023-01,2023-01-02,174,0
6,2023-02,2023-01-09,189,1
6,2023-03,2023-01-16,174,0
6,2023-04,2023-01-23,181,0
6,2023-05,2023-01-30,182,1
6,2023-06,2023-02-06,176,0
6,2023-07,2023-02-13,176,0
6,2023-08,2023-02-20,197,2
6,2023-09,2023-02-27,194,2
6,2023-10,2023-03-06,173,0
6,2023-11,2023-03-13,173,1
6,2023-12,2023-03-20,165,0
6,2023-13,2023-03-27,158,0
6,2023-14,2023-04-03,153,0
6,2023-15,2023-04-10,161,2
6,2023-16,2023-04-17,167,1
6,2023-17,2023-04-24,140,0
6,2023-18,2023-05-01,158,1
6,2023-19,2023-05-08,129,0
6,2023-20,2023-05-15,116,0
6,2023-21,2023-05-22,115,0
6,2023-22,2023-05-29,110,0
6,2023-23,2023-06-05,98,0
6,2023-24,2023-06-12,104,0
6,2023-25,2023-06-19,103,0
6,2023-26,2023-06-26,94,1
6,2023-27,2023-07-03,66,0
6,2023-28,2023-07-10,101,0
6,2023-29,2023-07-17,107,2
6,2023-30,2023-07-24,97,1
6,2023-31,2023-07-31,100,0
6,2023-32,2023-08-07,94,0
6,2023-33,2023-08-14,88,0
6,2023-34,2023-08-21,98,1
6,2023-35,2023-08-28,134,2
6,2023-36,2023-09-04,111,0
6,2023-37,2023-09-11,118,1
6,2023-38,2023-09-18,129,1
6,2023-39,2023-09-25,112,0
6,2023-40,2023-10-02,110,0
6,2023-41,2023-10-09,122,1
6,2023-42,2023-10-16,160,2
6,2023-43,2023-10-23,136,0
6,2023-44,2023-10-30,145,0
6,2023-45,2023-11-06,133,0
6,2023-46,2023-11-13,157,0
6,2023-47,2023-11-20,181,1
6,2023-48,2023-11-27,178,1
6,2023-49,2023-12-04,168,0
6,2023-50,2023-12-11,176,0
6,2023-51,2023-12-18,182,0
6,2023-52,2023-12-25,167,1
6,2024-01,2024-01-01,165,0
6,2024-02,2024-01-08,209,1
6,2024-03,2024-01-15,212,2
6,2024-04,2024-01-22,201,1
6,2024-05,2024-01-29,203,1
6,2024-06,2024-02-05,184,0
6,2024-07,2024-02-12,162,0
6,2024-08,2024-02-19,188,0
6,2024-09,2024-02-26,180,0
6,2024-10,2024-03-04,179,0
6,2024-11,2024-03-11,190,0
6,2024-12,2024-03-18,217,3
6,2024-13,2024-03-25,163,0
6,2024-14,2024-04-01,175,0
6,2024-15,2024-04-08,142,0
6,2024-16,2024-04-15,173,0
6,2024-17,2024-04-22,155,0
6,2024-18,2024-04-29,149,0
6,2024-19,2024-05-06,155,2
6,2024-20,2024-05-13,138,1
6,2024-21,2024-05-20,127,1
6,2024-22,2024-05-27,129,0
6,2024-23,2024-06-03,123,1
6,2024-24,2024-06-10,124,0
6,2024-25,2024-06-17,136,1
6,2024-26,2024-06-24,105,2
6,2024-27,2024-07-01,90,0
6,2024-28,2024-07-08,111,1
6,2024-29,2024-07-15,99,0
6,2024-30,2024-07-22,97,1
6,2024-31,2024-07-29,111,0
6,2024-32,2024-08-05,96,0
6,2024-33,2024-08-12,96,0
6,2024-34,2024-08-19,110,1
6,2024-35,2024-08-26,105,0
6,2024-36,2024-09-02,112,0
6,2024-37,2024-09-09,117,0
6,2024-38,2024-09-16,106,0
6,2024-39,2024-09-23,153,3
6,2024-40,2024-09-30,125,0
6,2024-41,2024-10-07,130,1
6,2024-42,2024-10-14,149,0
6,2024-43,2024-10-21,154,1
6,2024-44,2024-10-28,166,1
6,2024-45,2024-11-04,173,1
6,2024-46,2024-11-11,165,0
6,2024-47,2024-11-18,179,1
6,2024-48,2024-11-25,187,0
6,2024-49,2024-12-02,184,1
6,2024-50,2024-12-09,184,0
6,2024-51,2024-12-16,184,0
6,2024-52,2024-12-23,184,0
6,2024-53,2024-12-30,47,0
6,2025-00,2025-01-01,141,1
6,2025-01,2025-01-06,194,0
6,2025-02,2025-01-13,207,0
6,2025-03,2025-01-20,195,0
6,2025-04,2025-01-27,191,0
6,2025-05,2025-02-03,195,0
6,2025-06,2025-02-10,193,0
6,2025-07,2025-02-17,214,1
6,2025-08,2025-02-24,187,0
6,2025-09,2025-03-03,210,1
6,2025-10,2025-03-10,213,2
6,2025-11,2025-03-17,174,0
6,2025-12,2025-03-24,166,0
6,2025-13,2025-03-31,177,0
6,2025-14,2025-04-07,167,0
6,2025-15,2025-04-14,151,1
6,2025-16,2025-04-21,183,1
6,2025-17,2025-04-28,159,0
6,2025-18,2025-05-05,157,2
6,2025-19,2025-05-12,134,0
6,2025-20,2025-05-19,150,1
6,2025-21,2025-05-26,119,0
6,2025-22,2025-06-02,147,1
6,2025-23,2025-06-09,120,1
6,2025-24,2025-06-16,112,1
6,2025-25,2025-06-23,111,0
6,2025-26,2025-06-30,97,0
6,2025-27,2025-07-07,109,0
6,2025-28,2025-07-14,95,1
6,2025-29,2025-07-21,96,0
6,2025-30,2025-07-28,119,1
6,2025-31,2025-08-04,113,0
6,2025-32,2025-08-11,125,1
6,2025-33,2025-08-18,125,1
6,2025-34,2025-08-25,124,1
6,2025-35,2025-09-01,113,0
6,2025-36,2025-09-08,127,0
6,2025-37,2025-09-15,131,0
6,2025-38,2025-09-22,137,0
6,2025-39,2025-09-29,145,0
6,2025-40,2025-10-06,146,0
6,2025-41,2025-10-13,146,1
6,2025-42,2025-10-20,155,0
6,2025-43,2025-10-27,159,0
6,2025-44,2025-11-03,158,0
6,2025-45,2025-11-10,187,1
6,2025-46,2025-11-17,184,1
6,2025-47,2025-11-24,173,0
6,2025-48,2025-12-01,206,1
6,2025-49,2025-12-08,188,0
6,2025-50,2025-12-15,205,1
6,2025-51,2025-12-22,212,0
6,2025-52,2025-12-29,97,1
7,2023-00,2023-01-01,17,0
7,2023-01,2023-01-02,140,1
7,2023-02,2023-01-09,131,0
7,2023-03,2023-01-16,139,1
7,2023-04,2023-01-23,127,0
7,2023-05,2023-01-30,137,1
7,2023-06,2023-02-06,128,0
7,2023-07,2023-02-13,139,0
7,2023-08,2023-02-20,132,0
7,2023-09,2023-02-27,128,1
7,2023-10,2023-03-06,128,0
7,2023-11,2023-03-13,136,2
7,2023-12,2023-03-20,125,1
7,2023-13,2023-03-27,112,0
7,2023-14,2023-04-03,115,1
7,2023-15,2023-04-10,113,1
7,2023-16,2023-04-17,104,1
7,2023-17,2023-04-24,94,1
7,2023-18,2023-05-01,101,0
7,2023-19,2023-05-08,96,1
7,2023-20,2023-05-15,89,1
7,2023-21,2023-05-22,97,1
7,2023-22,2023-05-29,90,1
7,2023-23,2023-06-05,75,0
7,2023-24,2023-06-12,69,0
7,2023-25,2023-06-19,87,1
7,2023-26,2023-06-26,71,1
7,2023-27,2023-07-03,68,0
7,2023-28,2023-07-10,67,1
7,2023-29,2023-07-17,83,3
7,2023-30,2023-07-24,62,0
7,2023-31,2023-07-31,70,0
7,2023-32,2023-08-07,65,0
7,2023-33,2023-08-14,75,3
7,2023-34,2023-08-21,71,0
7,2023-35,2023-08-28,83,1
7,2023-36,2023-09-04,85,0
7,2023-37,2023-09-11,80,0
7,2023-38,2023-09-18,92,0
7,2023-39,2023-09-25,93,1
7,2023-40,2023-10-02,85,1
7,2023-41,2023-10-09,83,0
7,2023-42,2023-10-16,99,0
7,2023-43,2023-10-23,73,0
7,2023-44,2023-10-30,125,1
7,2023-45,2023-11-06,108,0
7,2023-46,2023-11-13,111,0
7,2023-47,2023-11-21,134,2
7,2023-48,2023-11-27,131,1
7,2023-49,2023-12-04,122,0
7,2023-50,2023-12-11,135,0
7,2023-51,2023-12-18,130,1
7,2023-52,2023-12-25,135,0
7,2024-01,2024-01-01,150,2
7,2024-02,2024-01-08,150,1
7,2024-03,2024-01-15,138,0
7,2024-04,2024-01-22,148,1
7,2024-05,2024-01-29,148,1
7,2024-06,2024-02-05,138,0
7,2024-07,2024-02-12,139,0
7,2024-08,2024-02-19,127,0
7,2024-09,2024-02-26,133,0
7,2024-10,2024-03-04,119,0
7,2024-11,2024-03-11,136,1
7,2024-12,2024-03-18,133,0
7,2024-13,2024-03-25,132,2
7,2024-14,2024-04-01,126,0
7,2024-15,2024-04-08,105,0
7,2024-16,2024-04-15,119,2
7,2024-17,2024-04-22,97,0
7,2024-18,2024-04-29,108,0
7,2024-19,2024-05-06,95,0
7,2024-20,2024-05-13,111,1
7,2024-21,2024-05-20,92,0
7,2024-22,2024-05-27,90,0
7,2024-23,2024-06-03,93,1
7,2024-24,2024-06-10,85,1
7,2024-25,2024-06-17,72,0
7,2024-26,2024-06-24,85,0
7,2024-27,2024-07-01,66,0
7,2024-28,2024-07-08,70,0
7,2024-29,2024-07-15,78,1
7,2024-30,2024-07-22,73,0
7,2024-31,2024-07-29,69,0
7,2024-32,2024-08-05,70,2
7,2024-33,2024-08-12,77,1
7,2024-34,2024-08-19,82,1
7,2024-35,2024-08-26,89,1
7,2024-36,2024-09-02,91,1
7,2024-37,2024-09-09,78,0
7,2024-38,2024-09-16,70,0
7,2024-39,2024-09-23,96,1
7,2024-40,2024-09-30,96,0
7,2024-41,2024-10-07,93,0
7,2024-42,2024-10-14,102,1
7,2024-43,2024-10-21,113,1
7,2024-44,2024-10-28,114,1
7,2024-45,2024-11-05,117,1
7,2024-46,2024-11-11,146,2
7,2024-47,2024-11-18,139,2
7,2024-48,2024-11-25,125,0
7,2024-49,2024-12-02,132,0
7,2024-50,2024-12-09,155,2
7,2024-51,2024-12-16,141,1
7,2024-52,2024-12-23,158,2
7,2024-53,2024-12-30,40,0
7,2025-00,2025-01-01,101,0
7,2025-01,2025-01-06,143,0
7,2025-02,2025-01-13,146,1
7,2025-03,2025-01-20,142,0
7,2025-04,2025-01-27,154,1
7,2025-05,2025-02-03,149,0
7,2025-06,2025-02-10,144,0
7,2025-07,2025-02-17,138,0
7,2025-08,2025-02-24,134,0
7,2025-09,2025-03-03,138,0
7,2025-10,2025-03-10,135,1
7,2025-11,2025-03-17,139,0
7,2025-12,2025-03-24,129,0
7,2025-13,2025-03-31,132,0
7,2025-14,2025-04-07,124,1
7,2025-15,2025-04-14,118,0
7,2025-16,2025-04-21,121,1
7,2025-17,2025-04-28,105,0
7,2025-18,2025-05-05,91,0
7,2025-19,2025-05-12,94,0
7,2025-20,2025-05-19,105,1
7,2025-21,2025-05-26,80,0
7,2025-22,2025-06-02,97,1
7,2025-23,2025-06-09,97,1
7,2025-24,2025-06-16,90,1
7,2025-25,2025-06-23,100,2
7,2025-26,2025-06-30,75,0
7,2025-27,2025-07-07,84,0
7,2025-28,2025-07-14,82,1
7,2025-29,2025-07-21,85,3
7,2025-30,2025-07-28,79,0
7,2025-31,2025-08-04,75,1
7,2025-32,2025-08-11,82,0
7,2025-33,2025-08-18,88,1
7,2025-34,2025-08-25,97,0
7,2025-35,2025-09-01,91,1
7,2025-36,2025-09-08,111,1
7,2025-37,2025-09-15,102,0
7,2025-38,2025-09-22,113,2
7,2025-39,2025-09-29,113,2
7,2025-40,2025-10-06,110,1
7,2025-41,2025-10-13,99,0
7,2025-42,2025-10-20,115,1
7,2025-43,2025-10-27,121,0
7,2025-44,2025-11-03,98,1
7,2025-45,2025-11-10,120,0
7,2025-46,2025-11-17,115,0
7,2025-47,2025-11-24,135,1
7,2025-48,2025-12-01,159,2
7,2025-49,2025-12-08,142,0
7,2025-50,2025-12-15,145,0
7,2025-51,2025-12-22,145,0
7,2025-52,2025-12-29,84,1
8,2023-00,2023-01-01,15,0
8,2023-01,2023-01-02,108,0
8,2023-02,2023-01-09,107,0
8,2023-03,2023-01-16,124,1
8,2023-04,2023-01-23,105,0
8,2023-05,2023-01-30,108,0
8,2023-06,2023-02-06,116,1
8,2023-07,2023-02-13,110,0
8,2023-08,2023-02-20,102,0
8,2023-09,2023-02-27,124,2
8,2023-10,2023-03-06,101,0
8,2023-11,2023-03-13,105,1
8,2023-12,2023-03-20,104,1
8,2023-13,2023-03-27,103,1
8,2023-14,2023-04-03,84,0
8,2023-15,2023-04-10,87,0
8,2023-16,2023-04-17,90,1
8,2023-17,2023-04-24,85,1
8,2023-18,2023-05-01,77,2
8,2023-19,2023-05-08,96,2
8,2023-20,2023-05-15,78,0
8,2023-21,2023-05-22,71,0
8,2023-22,2023-05-29,66,0
8,2023-23,2023-06-05,69,0
8,2023-24,2023-06-12,67,1
8,2023-25,2023-06-19,56,0
8,2023-26,2023-06-26,63,0
8,2023-27,2023-07-03,56,2
8,2023-28,2023-07-10,63,0
8,2023-29,2023-07-17,51,0
8,2023-30,2023-07-24,58,2
8,2023-31,2023-07-31,59,2
8,2023-32,2023-08-07,62,0
8,2023-33,2023-08-14,61,0
8,2023-34,2023-08-21,66,2
8,2023-35,2023-08-28,55,0
8,2023-36,2023-09-04,60,0
8,2023-37,2023-09-11,74,0
8,2023-38,2023-09-18,81,1
8,2023-39,2023-09-25,70,0
8,2023-40,2023-10-02,61,0
8,2023-41,2023-10-09,79,0
8,2023-42,2023-10-16,74,1
8,2023-43,2023-10-23,97,1
8,2023-44,2023-10-30,92,1
8,2023-45,2023-11-06,85,0
8,2023-46,2023-11-13,95,0
8,2023-47,2023-11-20,102,0
8,2023-48,2023-11-27,102,0
8,2023-49,2023-12-04,107,0
8,2023-50,2023-12-11,109,1
8,2023-51,2023-12-18,109,0
8,2023-52,2023-12-25,113,1
8,2024-01,2024-01-01,110,0
8,2024-02,2024-01-08,112,0
8,2024-03,2024-01-15,137,2
8,2024-04,2024-01-22,113,0
8,2024-05,2024-01-29,120,2
8,2024-06,2024-02-05,121,1
8,2024-07,2024-02-12,110,0
8,2024-08,2024-02-19,123,2
8,2024-09,2024-02-26,116,0
8,2024-10,2024-03-04,105,1
8,2024-11,2024-03-11,98,0
8,2024-12,2024-03-18,133,5
8,2024-13,2024-03-25,107,0
8,2024-14,2024-04-01,95,0
8,2024-15,2024-04-08,115,1
8,2024-16,2024-04-15,91,0
8,2024-17,2024-04-22,79,0
8,2024-18,2024-04-30,78,0
8,2024-19,2024-05-06,85,0
8,2024-20,2024-05-13,87,1
8,2024-21,2024-05-20,87,1
8,2024-22,2024-05-27,77,1
8,2024-23,2024-06-03,61,2
8,2024-24,2024-06-11,64,0
8,2024-25,2024-06-17,75,1
8,2024-26,2024-06-24,61,0
8,2024-27,2024-07-01,64,0
8,2024-28,2024-07-08,66,1
8,2024-29,2024-07-15,58,1
8,2024-30,2024-07-22,65,1
8,2024-31,2024-07-29,65,0
8,2024-32,2024-08-05,62,1
8,2024-33,2024-08-12,65,0
8,2024-34,2024-08-19,66,1
8,2024-35,2024-08-26,63,0
8,2024-36,2024-09-02,65,0
8,2024-37,2024-09-09,73,0
8,2024-38,2024-09-16,83,0
8,2024-39,2024-09-23,91,1
8,2024-40,2024-09-30,73,0
8,2024-41,2024-10-07,95,1
8,2024-42,2024-10-14,101,1
8,2024-43,2024-10-21,94,1
8,2024-44,2024-10-28,117,2
8,2024-45,2024-11-04,106,2
8,2024-46,2024-11-11,115,2
8,2024-47,2024-11-18,107,1
8,2024-48,2024-11-25,105,0
8,2024-49,2024-12-02,106,0
8,2024-50,2024-12-09,110,0
8,2024-51,2024-12-16,100,0
8,2024-52,2024-12-23,125,0
8,2024-53,2024-12-30,34,0
8,2025-00,2025-01-01,79,0
8,2025-01,2025-01-07,104,0
8,2025-02,2025-01-13,140,2
8,2025-03,2025-01-20,109,0
8,2025-04,2025-01-27,121,0
8,2025-05,2025-02-03,137,1
8,2025-06,2025-02-10,126,0
8,2025-07,2025-02-17,133,1
8,2025-08,2025-02-24,119,1
8,2025-09,2025-03-03,119,0
8,2025-10,2025-03-10,113,0
8,2025-11,2025-03-17,126,2
8,2025-12,2025-03-24,114,1
8,2025-13,2025-03-31,118,1
8,2025-14,2025-04-07,106,0
8,2025-15,2025-04-14,114,2
8,2025-16,2025-04-21,92,0
8,2025-17,2025-04-28,89,0
8,2025-18,2025-05-05,89,0
8,2025-19,2025-05-12,88,0
8,2025-20,2025-05-19,79,0
8,2025-21,2025-05-26,81,1
8,2025-22,2025-06-02,72,0
8,2025-23,2025-06-09,78,1
8,2025-24,2025-06-16,84,2
8,2025-25,2025-06-23,75,0
8,2025-26,2025-06-30,70,0
8,2025-27,2025-07-07,71,1
8,2025-28,2025-07-14,69,1
8,2025-29,2025-07-21,69,0
8,2025-30,2025-07-28,59,1
8,2025-31,2025-08-04,66,0
8,2025-32,2025-08-11,65,1
8,2025-33,2025-08-18,78,2
8,2025-34,2025-08-25,69,0
8,2025-35,2025-09-01,68,0
8,2025-36,2025-09-08,83,0
8,2025-37,2025-09-15,80,1
8,2025-38,2025-09-22,86,1
8,2025-39,2025-09-29,81,0
8,2025-40,2025-10-06,80,0
8,2025-41,2025-10-13,89,0
8,2025-42,2025-10-20,105,2
8,2025-43,2025-10-27,109,1
8,2025-44,2025-11-03,108,0
8,2025-45,2025-11-10,110,1
8,2025-46,2025-11-17,108,0
8,2025-47,2025-11-24,107,1
8,2025-48,2025-12-01,130,2
8,2025-49,2025-12-08,114,0
8,2025-50,2025-12-15,117,0
8,2025-51,2025-12-22,131,1
8,2025-52,2025-12-29,54,0
9,2023-00,2023-01-01,22,0
9,2023-01,2023-01-02,173,1
9,2023-02,2023-01-09,210,4
9,2023-03,2023-01-16,171,1
9,2023-04,2023-01-23,161,0
9,2023-05,2023-01-30,163,1
9,2023-06,2023-02-06,162,0
9,2023-07,2023-02-13,158,0
9,2023-08,2023-02-20,157,0
9,2023-09,2023-02-27,154,0
9,2023-10,2023-03-06,143,0
9,2023-11,2023-03-13,154,1
9,2023-12,2023-03-20,132,0
9,2023-13,2023-03-27,144,1
9,2023-14,2023-04-03,131,0
9,2023-15,2023-04-10,134,0
9,2023-16,2023-04-17,146,2
9,2023-17,2023-04-24,129,0
9,2023-18,2023-05-01,122,0
9,2023-19,2023-05-08,117,2
9,2023-20,2023-05-15,113,0
9,2023-21,2023-05-22,90,0
9,2023-22,2023-05-29,144,5
9,2023-23,2023-06-05,111,2
9,2023-24,2023-06-12,97,1
9,2023-25,2023-06-19,92,1
9,2023-26,2023-06-26,78,0
9,2023-27,2023-07-03,78,0
9,2023-28,2023-07-10,76,0
9,2023-29,2023-07-17,80,0
9,2023-30,2023-07-24,77,0
9,2023-31,2023-07-31,75,0
9,2023-32,2023-08-07,69,0
9,2023-33,2023-08-14,91,2
9,2023-34,2023-08-21,80,1
9,2023-35,2023-08-28,97,1
9,2023-36,2023-09-04,91,0
9,2023-37,2023-09-11,89,0
9,2023-38,2023-09-18,91,0
9,2023-39,2023-09-25,102,1
9,2023-40,2023-10-02,104,1
9,2023-41,2023-10-09,112,0
9,2023-42,2023-10-16,107,0
9,2023-43,2023-10-23,125,1
9,2023-44,2023-10-30,134,1
9,2023-45,2023-11-06,132,0
9,2023-46,2023-11-13,137,0
9,2023-47,2023-11-20,126,0
9,2023-48,2023-11-27,151,0
9,2023-49,2023-12-04,153,0
9,2023-50,2023-12-11,165,1
9,2023-51,2023-12-18,152,0
9,2023-52,2023-12-25,161,0
9,2024-01,2024-01-01,153,0
9,2024-02,2024-01-08,164,0
9,2024-03,2024-01-15,168,0
9,2024-04,2024-01-22,180,2
9,2024-05,2024-01-29,157,0
9,2024-06,2024-02-05,160,0
9,2024-07,2024-02-12,204,3
9,2024-08,2024-02-19,216,4
9,2024-09,2024-02-27,142,1
9,2024-10,2024-03-04,173,1
9,2024-11,2024-03-11,155,1
9,2024-12,2024-03-18,169,1
9,2024-13,2024-03-25,157,1
9,2024-14,2024-04-01,160,2
9,2024-15,2024-04-08,138,0
9,2024-16,2024-04-15,124,1
9,2024-17,2024-04-22,112,0
9,2024-18,2024-04-29,133,1
9,2024-19,2024-05-06,121,0
9,2024-20,2024-05-13,117,0
9,2024-21,2024-05-20,106,0
9,2024-22,2024-05-27,99,0
9,2024-23,2024-06-03,94,0
9,2024-24,2024-06-10,88,0
9,2024-25,2024-06-17,109,0
9,2024-26,2024-06-24,104,1
9,2024-27,2024-07-01,77,0
9,2024-28,2024-07-08,80,0
9,2024-29,2024-07-15,82,1
9,2024-30,2024-07-22,91,1
9,2024-31,2024-07-29,80,1
9,2024-32,2024-08-05,104,2
9,2024-33,2024-08-12,103,1
9,2024-34,2024-08-19,100,1
9,2024-35,2024-08-26,91,1
9,2024-36,2024-09-02,97,0
9,2024-37,2024-09-09,102,1
9,2024-38,2024-09-16,110,0
9,2024-39,2024-09-23,105,0
9,2024-40,2024-09-30,119,0
9,2024-41,2024-10-07,121,0
9,2024-42,2024-10-14,128,2
9,2024-43,2024-10-21,144,1
9,2024-44,2024-10-28,136,0
9,2024-45,2024-11-04,137,0
9,2024-46,2024-11-11,163,1
9,2024-47,2024-11-18,166,1
9,2024-48,2024-11-25,147,0
9,2024-49,2024-12-02,183,2
9,2024-50,2024-12-09,171,2
9,2024-51,2024-12-16,161,0
9,2024-52,2024-12-23,158,0
9,2024-53,2024-12-30,45,0
9,2025-00,2025-01-01,131,1
9,2025-01,2025-01-06,179,1
9,2025-02,2025-01-13,189,1
9,2025-03,2025-01-20,222,2
9,2025-04,2025-01-27,168,0
9,2025-05,2025-02-03,169,0
9,2025-06,2025-02-10,160,0
9,2025-07,2025-02-17,166,0
9,2025-08,2025-02-24,197,1
9,2025-09,2025-03-03,167,0
9,2025-10,2025-03-10,160,1
9,2025-11,2025-03-17,183,1
9,2025-12,2025-03-24,148,0
9,2025-13,2025-03-31,145,0
9,2025-14,2025-04-07,149,0
9,2025-15,2025-04-14,159,1
9,2025-16,2025-04-21,128,0
9,2025-17,2025-04-28,126,0
9,2025-18,2025-05-05,133,2
9,2025-19,2025-05-12,124,0
9,2025-20,2025-05-19,131,1
9,2025-21,2025-05-26,103,0
9,2025-22,2025-06-02,115,1
9,2025-23,2025-06-09,109,0
9,2025-24,2025-06-16,116,0
9,2025-25,2025-06-23,92,0
9,2025-26,2025-06-30,107,1
9,2025-27,2025-07-07,97,0
9,2025-28,2025-07-14,94,1
9,2025-29,2025-07-21,101,0
9,2025-30,2025-07-28,107,0
9,2025-31,2025-08-04,105,0
9,2025-32,2025-08-11,85,0
9,2025-33,2025-08-18,104,1
9,2025-34,2025-08-25,106,1
9,2025-35,2025-09-01,99,0
9,2025-36,2025-09-08,103,0
9,2025-37,2025-09-15,116,1
9,2025-38,2025-09-22,111,1
9,2025-39,2025-09-29,115,0
9,2025-40,2025-10-06,124,1
9,2025-41,2025-10-13,130,1
9,2025-42,2025-10-20,128,0
9,2025-43,2025-10-27,142,0
9,2025-44,2025-11-03,146,0
9,2025-45,2025-11-10,135,0
9,2025-46,2025-11-17,170,1
9,2025-47,2025-11-24,168,0
9,2025-48,2025-12-01,151,0
9,2025-49,2025-12-08,186,2
9,2025-50,2025-12-15,172,0
9,2025-51,2025-12-22,178,0
9,2025-52,2025-12-29,85,1
10,2023-00,2023-01-01,11,0
10,2023-01,2023-01-02,83,0
10,2023-02,2023-01-09,84,0
10,2023-03,2023-01-16,84,0
10,2023-04,2023-01-23,95,2
10,2023-05,2023-01-30,83,0
10,2023-06,2023-02-06,85,1
10,2023-07,2023-02-13,64,0
10,2023-08,2023-02-20,83,1
10,2023-09,2023-02-27,78,0
10,2023-10,2023-03-06,75,0
10,2023-11,2023-03-13,71,1
10,2023-12,2023-03-20,68,0
10,2023-13,2023-03-27,74,2
10,2023-14,2023-04-03,71,0
10,2023-15,2023-04-10,73,1
10,2023-16,2023-04-17,61,0
10,2023-17,2023-04-24,63,0
10,2023-18,2023-05-01,61,0
10,2023-19,2023-05-08,54,0
10,2023-20,2023-05-15,51,0
10,2023-21,2023-05-22,52,0
10,2023-22,2023-05-29,44,1
10,2023-23,2023-06-05,43,0
10,2023-24,2023-06-12,50,0
10,2023-25,2023-06-19,46,0
10,2023-26,2023-06-26,46,0
10,2023-27,2023-07-03,40,0
10,2023-28,2023-07-10,45,0
10,2023-29,2023-07-17,37,1
10,2023-30,2023-07-24,37,1
10,2023-31,2023-07-31,47,1
10,2023-32,2023-08-07,37,0
10,2023-33,2023-08-14,36,0
10,2023-34,2023-08-21,47,1
10,2023-35,2023-08-28,43,0
10,2023-36,2023-09-04,43,0
10,2023-37,2023-09-11,52,1
10,2023-38,2023-09-18,45,1
10,2023-39,2023-09-25,51,0
10,2023-40,2023-10-02,57,0
10,2023-41,2023-10-09,62,0
10,2023-42,2023-10-16,67,1
10,2023-43,2023-10-23,66,1
10,2023-44,2023-10-30,61,0
10,2023-45,2023-11-06,80,0
10,2023-46,2023-11-13,72,0
10,2023-47,2023-11-20,75,1
10,2023-48,2023-11-27,80,0
10,2023-49,2023-12-04,87,1
10,2023-50,2023-12-11,82,0
10,2023-51,2023-12-18,83,0
10,2023-52,2023-12-25,83,0
10,2024-01,2024-01-01,92,1
10,2024-02,2024-01-08,84,1
10,2024-03,2024-01-15,94,2
10,2024-04,2024-01-22,99,1
10,2024-05,2024-01-29,87,0
10,2024-06,2024-02-05,90,0
10,2024-07,2024-02-12,85,1
10,2024-08,2024-02-19,86,0
10,2024-09,2024-02-26,66,0
10,2024-10,2024-03-04,89,0
10,2024-11,2024-03-11,80,0
10,2024-12,2024-03-18,88,1
10,2024-13,2024-03-25,75,1
10,2024-14,2024-04-01,72,0
10,2024-15,2024-04-08,69,0
10,2024-16,2024-04-15,81,2
10,2024-17,2024-04-22,65,0
10,2024-18,2024-04-29,68,1
10,2024-19,2024-05-06,62,0
10,2024-20,2024-05-13,66,1
10,2024-21,2024-05-20,66,1
10,2024-22,2024-05-27,54,1
10,2024-23,2024-06-03,46,1
10,2024-24,2024-06-10,51,1
10,2024-25,2024-06-17,51,0
10,2024-26,2024-06-24,49,0
10,2024-27,2024-07-01,46,1
10,2024-28,2024-07-08,48,1
10,2024-29,2024-07-15,47,0
10,2024-30,2024-07-22,42,1
10,2024-31,2024-07-29,45,0
10,2024-32,2024-08-05,47,1
10,2024-33,2024-08-12,51,1
10,2024-34,2024-08-19,55,2
10,2024-35,2024-08-26,51,0
10,2024-36,2024-09-02,58,0
10,2024-37,2024-09-09,53,0
10,2024-38,2024-09-16,53,0
10,2024-39,2024-09-23,57,0
10,2024-40,2024-09-30,54,0
10,2024-41,2024-10-07,62,1
10,2024-42,2024-10-14,69,1
10,2024-43,2024-10-21,64,1
10,2024-44,2024-10-28,70,0
10,2024-45,2024-11-04,67,0
10,2024-46,2024-11-11,74,0
10,2024-47,2024-11-18,73,1
10,2024-48,2024-11-25,88,1
10,2024-49,2024-12-02,89,1
10,2024-50,2024-12-09,86,1
10,2024-51,2024-12-16,80,0
10,2024-52,2024-12-23,90,1
10,2024-53,2024-12-30,21,0
10,2025-00,2025-01-01,60,0
10,2025-01,2025-01-06,86,0
10,2025-02,2025-01-13,93,1
10,2025-03,2025-01-20,89,0
10,2025-04,2025-01-27,86,0
10,2025-05,2025-02-03,97,1
10,2025-06,2025-02-10,98,0
10,2025-07,2025-02-17,92,0
10,2025-08,2025-02-24,83,0
10,2025-09,2025-03-03,97,2
10,2025-10,2025-03-10,89,1
10,2025-11,2025-03-17,87,1
10,2025-12,2025-03-24,83,0
10,2025-13,2025-03-31,88,3
10,2025-14,2025-04-07,67,0
10,2025-15,2025-04-14,81,1
10,2025-16,2025-04-21,77,0
10,2025-17,2025-04-28,65,0
10,2025-18,2025-05-05,78,1
10,2025-19,2025-05-12,60,0
10,2025-20,2025-05-19,60,0
10,2025-21,2025-05-26,57,0
10,2025-22,2025-06-02,58,2
10,2025-23,2025-06-09,64,2
10,2025-24,2025-06-16,53,0
10,2025-25,2025-06-23,63,1
10,2025-26,2025-06-30,50,0
10,2025-27,2025-07-07,51,0
10,2025-28,2025-07-14,50,0
10,2025-29,2025-07-21,59,2
10,2025-30,2025-07-28,53,1
10,2025-31,2025-08-04,61,2
10,2025-32,2025-08-11,55,1
10,2025-33,2025-08-18,52,1
10,2025-34,2025-08-25,57,1
10,2025-35,2025-09-01,55,1
10,2025-36,2025-09-08,52,0
10,2025-37,2025-09-15,57,1
10,2025-38,2025-09-22,60,0
10,2025-39,2025-09-29,69,1
10,2025-40,2025-10-06,70,1
10,2025-41,2025-10-13,68,0
10,2025-42,2025-10-20,70,1
10,2025-43,2025-10-27,71,0
10,2025-44,2025-11-03,76,0
10,2025-45,2025-11-10,67,0
10,2025-46,2025-11-17,77,0
10,2025-47,2025-11-24,89,1
10,2025-48,2025-12-01,95,1
10,2025-49,2025-12-08,99,1
10,2025-50,2025-12-15,96,1
10,2025-51,2025-12-22,91,0
10,2025-52,2025-12-29,36,0
11,2023-00,2023-01-01,21,0
11,2023-01,2023-01-02,141,0
11,2023-02,2023-01-09,156,1
11,2023-03,2023-01-16,151,1
11,2023-04,2023-01-23,167,2
11,2023-05,2023-01-30,145,0
11,2023-06,2023-02-06,160,1
11,2023-07,2023-02-13,150,0
11,2023-08,2023-02-20,145,0
11,2023-09,2023-02-27,151,1
11,2023-10,2023-03-06,161,2
11,2023-11,2023-03-13,125,0
11,2023-12,2023-03-20,170,3
11,2023-13,2023-03-27,127,1
11,2023-14,2023-04-03,129,1
11,2023-15,2023-04-10,132,0
11,2023-16,2023-04-17,115,1
11,2023-17,2023-04-24,117,1
11,2023-18,2023-05-01,117,1
11,2023-19,2023-05-08,100,0
11,2023-20,2023-05-15,110,0
11,2023-21,2023-05-22,96,0
11,2023-22,2023-05-29,92,1
11,2023-23,2023-06-05,80,0
11,2023-24,2023-06-12,98,2
11,2023-25,2023-06-19,97,1
11,2023-26,2023-06-26,84,0
11,2023-27,2023-07-03,80,0
11,2023-28,2023-07-10,76,0
11,2023-29,2023-07-17,75,1
11,2023-30,2023-07-24,79,1
11,2023-31,2023-07-31,73,0
11,2023-32,2023-08-07,66,0
11,2023-33,2023-08-14,81,2
11,2023-34,2023-08-21,82,1
11,2023-35,2023-08-28,91,1
11,2023-36,2023-09-04,90,1
11,2023-37,2023-09-11,99,1
11,2023-38,2023-09-18,95,0
11,2023-39,2023-09-25,105,1
11,2023-40,2023-10-02,102,0
11,2023-41,2023-10-09,123,1
11,2023-42,2023-10-16,112,0
11,2023-43,2023-10-23,132,2
11,2023-44,2023-10-30,119,0
11,2023-45,2023-11-06,131,0
11,2023-46,2023-11-13,154,2
11,2023-47,2023-11-20,142,1
11,2023-48,2023-11-27,132,0
11,2023-49,2023-12-04,156,1
11,2023-50,2023-12-11,139,0
11,2023-51,2023-12-18,137,0
11,2023-52,2023-12-25,154,1
11,2024-01,2024-01-01,152,0
11,2024-02,2024-01-08,196,2
11,2024-03,2024-01-15,172,2
11,2024-04,2024-01-22,159,1
11,2024-05,2024-01-29,148,0
11,2024-06,2024-02-05,141,0
11,2024-07,2024-02-12,149,0
11,2024-08,2024-02-19,146,0
11,2024-09,2024-02-26,141,0
11,2024-10,2024-03-04,152,0
11,2024-11,2024-03-11,173,2
11,2024-12,2024-03-18,160,2
11,2024-13,2024-03-25,154,1
11,2024-14,2024-04-01,142,1
11,2024-15,2024-04-08,140,1
11,2024-16,2024-04-15,139,2
11,2024-17,2024-04-22,133,1
11,2024-18,2024-04-29,128,1
11,2024-19,2024-05-06,129,1
11,2024-20,2024-05-13,104,0
11,2024-21,2024-05-20,94,0
11,2024-22,2024-05-27,105,1
11,2024-23,2024-06-03,93,1
11,2024-24,2024-06-10,93,0
11,2024-25,2024-06-18,98,1
11,2024-26,2024-06-24,86,1
11,2024-27,2024-07-01,92,1
11,2024-28,2024-07-08,93,1
11,2024-29,2024-07-15,80,1
11,2024-30,2024-07-22,94,2
11,2024-31,2024-07-29,83,1
11,2024-32,2024-08-05,97,1
11,2024-33,2024-08-12,89,2
11,2024-34,2024-08-19,90,0
11,2024-35,2024-08-26,86,0
11,2024-36,2024-09-02,94,1
11,2024-37,2024-09-09,110,1
11,2024-38,2024-09-16,96,0
11,2024-39,2024-09-23,100,0
11,2024-40,2024-09-30,111,1
11,2024-41,2024-10-07,113,0
11,2024-42,2024-10-14,112,1
11,2024-43,2024-10-21,115,0
11,2024-44,2024-10-28,137,0
11,2024-45,2024-11-04,118,0
11,2024-46,2024-11-11,131,0
11,2024-47,2024-11-18,152,1
11,2024-48,2024-11-25,139,0
11,2024-49,2024-12-02,141,0
11,2024-50,2024-12-09,146,0
11,2024-51,2024-12-16,154,0
11,2024-52,2024-12-23,160,0
11,2024-53,2024-12-30,47,0
11,2025-00,2025-01-01,146,3
11,2025-01,2025-01-06,158,1
11,2025-02,2025-01-13,179,1
11,2025-03,2025-01-20,160,0
11,2025-04,2025-01-27,145,1
11,2025-05,2025-02-03,162,0
11,2025-06,2025-02-10,184,1
11,2025-07,2025-02-17,157,0
11,2025-08,2025-02-24,150,0
11,2025-09,2025-03-03,187,1
11,2025-10,2025-03-10,165,1
11,2025-11,2025-03-17,126,0
11,2025-12,2025-03-24,178,3
11,2025-13,2025-03-31,151,0
11,2025-14,2025-04-07,147,0
11,2025-15,2025-04-14,164,2
11,2025-16,2025-04-21,138,1
11,2025-17,2025-04-28,141,3
11,2025-18,2025-05-05,119,0
11,2025-19,2025-05-12,117,0
11,2025-20,2025-05-19,110,0
11,2025-21,2025-05-26,115,0
11,2025-22,2025-06-02,105,0
11,2025-23,2025-06-09,105,1
11,2025-24,2025-06-16,90,0
11,2025-25,2025-06-23,83,1
11,2025-26,2025-06-30,94,0
11,2025-27,2025-07-07,97,1
11,2025-28,2025-07-14,86,1
11,2025-29,2025-07-21,89,0
11,2025-30,2025-07-28,94,1
11,2025-31,2025-08-04,103,1
11,2025-32,2025-08-11,93,0
11,2025-33,2025-08-18,87,0
11,2025-34,2025-08-25,112,1
11,2025-35,2025-09-01,100,0
11,2025-36,2025-09-08,113,1
11,2025-37,2025-09-15,107,0
11,2025-38,2025-09-22,107,0
11,2025-39,2025-09-29,114,1
11,2025-40,2025-10-06,126,0
11,2025-41,2025-10-13,107,0
11,2025-42,2025-10-20,122,0
11,2025-43,2025-10-27,125,0
11,2025-44,2025-11-03,132,0
11,2025-45,2025-11-10,140,0
11,2025-46,2025-11-17,134,0
11,2025-47,2025-11-24,152,0
11,2025-48,2025-12-01,172,1
11,2025-49,2025-12-08,165,0
11,2025-50,2025-12-15,174,1
11,2025-51,2025-12-22,186,1
11,2025-52,2025-12-29,67,0
12,2023-00,2023-01-01,29,0
12,2023-01,2023-01-02,176,0
12,2023-02,2023-01-09,176,0
12,2023-03,2023-01-16,201,1
12,2023-04,2023-01-23,202,1
12,2023-05,2023-01-30,216,2
12,2023-06,2023-02-06,180,0
12,2023-07,2023-02-13,184,1
12,2023-08,2023-02-20,174,0
12,2023-09,2023-02-27,186,0
12,2023-10,2023-03-06,174,0
12,2023-11,2023-03-13,188,1
12,2023-12,2023-03-20,174,1
12,2023-13,2023-03-27,181,1
12,2023-14,2023-04-03,173,1
12,2023-15,2023-04-10,155,0
12,2023-16,2023-04-17,134,0
12,2023-17,2023-04-24,144,0
12,2023-18,2023-05-01,140,0
12,2023-19,2023-05-08,142,1
12,2023-20,2023-05-15,121,0
12,2023-21,2023-05-22,117,0
12,2023-22,2023-05-29,115,0
12,2023-23,2023-06-05,114,0
12,2023-24,2023-06-12,107,0
12,2023-25,2023-06-19,100,0
12,2023-26,2023-06-26,112,0
12,2023-27,2023-07-03,111,1
12,2023-28,2023-07-10,111,0
12,2023-29,2023-07-17,103,0
12,2023-30,2023-07-24,117,3
12,2023-31,2023-07-31,108,2
12,2023-32,2023-08-07,106,2
12,2023-33,2023-08-14,85,0
12,2023-34,2023-08-21,92,0
12,2023-35,2023-08-28,102,0
12,2023-36,2023-09-04,131,0
12,2023-37,2023-09-11,107,1
12,2023-38,2023-09-18,121,0
12,2023-39,2023-09-25,134,1
12,2023-40,2023-10-02,112,0
12,2023-41,2023-10-09,129,0
12,2023-42,2023-10-16,146,0
12,2023-43,2023-10-23,156,1
12,2023-44,2023-10-30,164,1
12,2023-45,2023-11-06,171,1
12,2023-46,2023-11-13,162,0
12,2023-47,2023-11-20,173,0
12,2023-48,2023-11-27,187,0
12,2023-49,2023-12-04,177,0
12,2023-50,2023-12-11,206,1
12,2023-51,2023-12-18,240,3
12,2023-52,2023-12-25,199,1
12,2024-01,2024-01-01,189,0
12,2024-02,2024-01-08,202,0
12,2024-03,2024-01-15,225,2
12,2024-04,2024-01-22,202,0
12,2024-05,2024-01-29,219,1
12,2024-06,2024-02-05,211,1
12,2024-07,2024-02-12,202,1
12,2024-08,2024-02-19,194,1
12,2024-09,2024-02-26,181,0
12,2024-10,2024-03-04,210,2
12,2024-11,2024-03-11,192,0
12,2024-12,2024-03-18,185,0
12,2024-13,2024-03-25,189,1
12,2024-14,2024-04-01,176,1
12,2024-15,2024-04-08,171,1
12,2024-16,2024-04-15,190,1
12,2024-17,2024-04-22,164,1
12,2024-18,2024-04-29,176,1
12,2024-19,2024-05-06,154,0
12,2024-20,2024-05-13,170,2
12,2024-21,2024-05-20,135,1
12,2024-22,2024-05-27,128,0
12,2024-23,2024-06-03,133,0
12,2024-24,2024-06-10,129,0
12,2024-25,2024-06-17,117,0
12,2024-26,2024-06-24,107,0
12,2024-27,2024-07-01,106,0
12,2024-28,2024-07-08,108,0
12,2024-29,2024-07-15,99,0
12,2024-30,2024-07-22,102,0
12,2024-31,2024-07-29,118,1
12,2024-32,2024-08-05,108,0
12,2024-33,2024-08-12,111,0
12,2024-34,2024-08-19,113,0
12,2024-35,2024-08-26,123,1
12,2024-36,2024-09-02,108,0
12,2024-37,2024-09-09,141,2
12,2024-38,2024-09-16,128,0
12,2024-39,2024-09-23,133,0
12,2024-40,2024-09-30,136,1
12,2024-41,2024-10-07,151,1
12,2024-42,2024-10-14,146,0
12,2024-43,2024-10-21,152,1
12,2024-44,2024-10-28,157,0
12,2024-45,2024-11-04,187,2
12,2024-46,2024-11-11,179,0
12,2024-47,2024-11-18,193,1
12,2024-48,2024-11-25,212,1
12,2024-49,2024-12-02,186,0
12,2024-50,2024-12-09,186,0
12,2024-51,2024-12-16,176,0
12,2024-52,2024-12-23,202,0
12,2024-53,2024-12-30,57,0
12,2025-00,2025-01-01,154,0
12,2025-01,2025-01-06,210,0
12,2025-02,2025-01-13,246,2
12,2025-03,2025-01-20,209,0
12,2025-04,2025-01-27,185,0
12,2025-05,2025-02-03,208,0
12,2025-06,2025-02-10,200,0
12,2025-07,2025-02-17,215,1
12,2025-08,2025-02-24,205,1
12,2025-09,2025-03-03,205,0
12,2025-10,2025-03-10,209,1
12,2025-11,2025-03-17,212,1
12,2025-12,2025-03-24,211,1
12,2025-13,2025-03-31,179,0
12,2025-14,2025-04-07,202,2
12,2025-15,2025-04-14,205,3
12,2025-16,2025-04-21,154,0
12,2025-17,2025-04-28,156,0
12,2025-18,2025-05-05,152,0
12,2025-19,2025-05-12,142,0
12,2025-20,2025-05-19,135,0
12,2025-21,2025-05-26,131,0
12,2025-22,2025-06-02,130,0
12,2025-23,2025-06-09,132,1
12,2025-24,2025-06-16,131,1
12,2025-25,2025-06-23,136,1
12,2025-26,2025-06-30,122,0
12,2025-27,2025-07-07,121,0
12,2025-28,2025-07-14,112,0
12,2025-29,2025-07-21,106,0
12,2025-30,2025-07-28,111,0
12,2025-31,2025-08-04,98,0
12,2025-32,2025-08-11,97,0
12,2025-33,2025-08-18,119,0
12,2025-34,2025-08-25,118,0
12,2025-35,2025-09-01,125,1
12,2025-36,2025-09-08,135,0
12,2025-37,2025-09-15,163,4
12,2025-38,2025-09-22,143,0
12,2025-39,2025-09-29,160,1
12,2025-40,2025-10-06,149,0
12,2025-41,2025-10-13,159,1
12,2025-42,2025-10-20,164,1
12,2025-43,2025-10-27,158,0
12,2025-44,2025-11-03,214,2
12,2025-45,2025-11-10,181,1
12,2025-46,2025-11-17,210,1
12,2025-47,2025-11-24,209,1
12,2025-48,2025-12-01,208,1
12,2025-49,2025-12-08,210,1
12,2025-50,2025-12-15,225,1
12,2025-51,2025-12-22,202,0
12,2025-52,2025-12-29,111,1
13,2023-00,2023-01-01,7,0
13,2023-01,2023-01-02,50,1
13,2023-02,2023-01-09,51,0
13,2023-03,2023-01-16,52,0
13,2023-04,2023-01-23,64,2
13,2023-05,2023-01-30,53,1
13,2023-06,2023-02-06,64,2
13,2023-07,2023-02-13,52,1
13,2023-08,2023-02-20,52,0
13,2023-09,2023-02-27,48,0
13,2023-10,2023-03-06,48,0
13,2023-11,2023-03-13,51,1
13,2023-12,2023-03-20,42,0
13,2023-13,2023-03-27,43,0
13,2023-14,2023-04-03,51,2
13,2023-15,2023-04-10,48,1
13,2023-16,2023-04-17,46,0
13,2023-17,2023-04-24,39,0
13,2023-18,2023-05-01,34,0
13,2023-19,2023-05-08,33,0
13,2023-20,2023-05-16,29,0
13,2023-21,2023-05-22,32,0
13,2023-22,2023-05-29,37,1
13,2023-23,2023-06-05,31,0
13,2023-24,2023-06-12,33,1
13,2023-25,2023-06-19,26,1
13,2023-26,2023-06-26,24,1
13,2023-27,2023-07-03,29,0
13,2023-28,2023-07-10,24,0
13,2023-29,2023-07-17,26,0
13,2023-30,2023-07-24,25,1
13,2023-31,2023-07-31,28,1
13,2023-32,2023-08-07,32,1
13,2023-33,2023-08-14,27,0
13,2023-34,2023-08-21,25,0
13,2023-35,2023-08-28,30,0
13,2023-36,2023-09-04,31,0
13,2023-37,2023-09-11,32,1
13,2023-38,2023-09-18,32,0
13,2023-39,2023-09-25,34,0
13,2023-40,2023-10-02,32,2
13,2023-41,2023-10-09,39,1
13,2023-42,2023-10-16,42,1
13,2023-43,2023-10-23,45,1
13,2023-44,2023-10-30,41,0
13,2023-45,2023-11-06,43,1
13,2023-46,2023-11-13,45,0
13,2023-47,2023-11-20,48,0
13,2023-48,2023-11-27,52,1
13,2023-49,2023-12-04,51,0
13,2023-50,2023-12-11,54,1
13,2023-51,2023-12-18,53,0
13,2023-52,2023-12-25,50,0
13,2024-01,2024-01-01,58,2
13,2024-02,2024-01-08,54,0
13,2024-03,2024-01-15,51,0
13,2024-04,2024-01-22,57,0
13,2024-05,2024-01-29,60,1
13,2024-06,2024-02-05,56,1
13,2024-07,2024-02-12,53,0
13,2024-08,2024-02-19,55,1
13,2024-09,2024-02-26,57,0
13,2024-10,2024-03-04,52,0
13,2024-11,2024-03-11,55,2
13,2024-12,2024-03-18,57,1
13,2024-13,2024-03-25,46,0
13,2024-14,2024-04-01,46,0
13,2024-15,2024-04-08,42,0
13,2024-16,2024-04-16,45,1
13,2024-17,2024-04-22,41,0
13,2024-18,2024-04-29,39,1
13,2024-19,2024-05-06,40,1
13,2024-20,2024-05-13,38,1
13,2024-21,2024-05-20,36,1
13,2024-22,2024-05-27,36,0
13,2024-23,2024-06-03,35,0
13,2024-24,2024-06-10,29,0
13,2024-25,2024-06-17,30,0
13,2024-26,2024-06-24,32,0
13,2024-27,2024-07-01,33,1
13,2024-28,2024-07-08,30,0
13,2024-29,2024-07-15,29,1
13,2024-30,2024-07-22,28,0
13,2024-31,2024-07-29,36,1
13,2024-32,2024-08-05,30,1
13,2024-33,2024-08-12,31,0
13,2024-34,2024-08-19,34,1
13,2024-35,2024-08-26,30,0
13,2024-36,2024-09-02,35,1
13,2024-37,2024-09-09,40,2
13,2024-38,2024-09-16,35,0
13,2024-39,2024-09-23,35,0
13,2024-40,2024-09-30,41,0
13,2024-41,2024-10-07,39,0
13,2024-42,2024-10-14,42,0
13,2024-43,2024-10-21,47,1
13,2024-44,2024-10-28,42,0
13,2024-45,2024-11-04,47,0
13,2024-46,2024-11-11,53,2
13,2024-47,2024-11-18,56,2
13,2024-48,2024-11-25,52,0
13,2024-49,2024-12-02,51,0
13,2024-50,2024-12-09,58,1
13,2024-51,2024-12-16,53,0
13,2024-52,2024-12-23,53,0
13,2024-53,2024-12-30,16,0
13,2025-00,2025-01-01,41,1
13,2025-01,2025-01-06,53,0
13,2025-02,2025-01-13,59,0
13,2025-03,2025-01-20,57,1
13,2025-04,2025-01-27,56,0
13,2025-05,2025-02-03,56,0
13,2025-06,2025-02-10,63,2
13,2025-07,2025-02-17,56,0
13,2025-08,2025-02-24,58,0
13,2025-09,2025-03-03,51,0
13,2025-10,2025-03-10,55,0
13,2025-11,2025-03-17,52,0
13,2025-12,2025-03-24,57,1
13,2025-13,2025-03-31,50,0
13,2025-14,2025-04-07,42,0
13,2025-15,2025-04-14,45,0
13,2025-16,2025-04-21,46,1
13,2025-17,2025-04-28,45,1
13,2025-18,2025-05-05,42,1
13,2025-19,2025-05-12,46,1
13,2025-20,2025-05-19,38,1
13,2025-21,2025-05-26,43,2
13,2025-22,2025-06-02,34,1
13,2025-23,2025-06-09,35,1
13,2025-24,2025-06-16,40,1
13,2025-25,2025-06-23,30,0
13,2025-26,2025-06-30,35,0
13,2025-27,2025-07-07,28,0
13,2025-28,2025-07-14,33,0
13,2025-29,2025-07-21,32,0
13,2025-30,2025-07-28,32,0
13,2025-31,2025-08-04,35,1
13,2025-32,2025-08-11,30,0
13,2025-33,2025-08-18,34,0
13,2025-34,2025-08-25,31,0
13,2025-35,2025-09-01,37,2
13,2025-36,2025-09-08,35,0
13,2025-37,2025-09-15,33,0
13,2025-38,2025-09-22,43,2
13,2025-39,2025-09-29,39,0
13,2025-40,2025-10-06,40,0
13,2025-41,2025-10-13,46,0
13,2025-42,2025-10-20,44,0
13,2025-43,2025-10-27,54,1
13,2025-44,2025-11-03,50,1
13,2025-45,2025-11-10,49,0
13,2025-46,2025-11-17,44,0
13,2025-47,2025-11-24,53,0
13,2025-48,2025-12-01,54,0
13,2025-49,2025-12-08,57,1
13,2025-50,2025-12-15,56,0
13,2025-51,2025-12-22,61,1
13,2025-52,2025-12-29,30,1
14,2023-00,2023-01-01,21,0
14,2023-01,2023-01-02,137,2
14,2023-02,2023-01-09,130,1
14,2023-03,2023-01-16,115,0
14,2023-04,2023-01-23,121,0
14,2023-05,2023-01-30,127,1
14,2023-06,2023-02-06,133,1
14,2023-07,2023-02-13,115,0
14,2023-08,2023-02-20,124,1
14,2023-09,2023-02-27,122,0
14,2023-10,2023-03-06,127,1
14,2023-11,2023-03-13,113,0
14,2023-12,2023-03-20,117,1
14,2023-13,2023-03-27,115,1
14,2023-14,2023-04-03,105,0
14,2023-15,2023-04-10,104,1
14,2023-16,2023-04-17,113,3
14,2023-17,2023-04-24,95,2
14,2023-18,2023-05-01,82,0
14,2023-19,2023-05-08,95,1
14,2023-20,2023-05-15,78,0
14,2023-21,2023-05-22,84,0
14,2023-22,2023-05-29,79,0
14,2023-23,2023-06-05,63,0
14,2023-24,2023-06-12,81,1
14,2023-25,2023-06-19,69,1
14,2023-26,2023-06-26,70,1
14,2023-27,2023-07-03,64,1
14,2023-28,2023-07-10,61,1
14,2023-29,2023-07-17,71,0
14,2023-30,2023-07-24,54,0
14,2023-31,2023-07-31,64,1
14,2023-32,2023-08-07,56,0
14,2023-33,2023-08-14,75,1
14,2023-34,2023-08-21,58,0
14,2023-35,2023-08-28,67,0
14,2023-36,2023-09-04,74,0
14,2023-37,2023-09-11,76,0
14,2023-38,2023-09-18,63,0
14,2023-39,2023-09-25,82,0
14,2023-40,2023-10-02,89,2
14,2023-41,2023-10-09,84,0
14,2023-42,2023-10-16,96,1
14,2023-43,2023-10-23,90,1
14,2023-44,2023-10-30,103,0
14,2023-45,2023-11-06,104,0
14,2023-46,2023-11-13,106,1
14,2023-47,2023-11-20,117,1
14,2023-48,2023-11-27,116,1
14,2023-49,2023-12-04,126,1
14,2023-50,2023-12-11,117,0
14,2023-51,2023-12-18,124,0
14,2023-52,2023-12-25,130,0
14,2024-01,2024-01-01,121,0
14,2024-02,2024-01-08,126,0
14,2024-03,2024-01-15,121,0
14,2024-04,2024-01-22,130,1
14,2024-05,2024-01-29,138,1
14,2024-06,2024-02-05,128,0
14,2024-07,2024-02-12,135,1
14,2024-08,2024-02-19,120,0
14,2024-09,2024-02-26,118,0
14,2024-10,2024-03-04,105,1
14,2024-11,2024-03-11,112,0
14,2024-12,2024-03-18,112,0
14,2024-13,2024-03-25,106,0
14,2024-14,2024-04-01,102,0
14,2024-15,2024-04-08,107,0
14,2024-16,2024-04-15,96,0
14,2024-17,2024-04-22,104,3
14,2024-18,2024-04-29,88,0
14,2024-19,2024-05-06,90,1
14,2024-20,2024-05-13,86,0
14,2024-21,2024-05-20,72,0
14,2024-22,2024-05-27,82,0
14,2024-23,2024-06-03,66,1
14,2024-24,2024-06-10,77,1
14,2024-25,2024-06-17,92,1
14,2024-26,2024-06-24,70,1
14,2024-27,2024-07-01,87,2
14,2024-28,2024-07-08,70,0
14,2024-29,2024-07-15,69,2
14,2024-30,2024-07-22,56,0
14,2024-31,2024-07-29,71,1
14,2024-32,2024-08-05,69,1
14,2024-33,2024-08-12,72,1
14,2024-34,2024-08-19,77,2
14,2024-35,2024-08-26,76,1
14,2024-36,2024-09-02,73,0
14,2024-37,2024-09-09,80,0
14,2024-38,2024-09-16,81,0
14,2024-39,2024-09-23,91,2
14,2024-40,2024-09-30,88,0
14,2024-41,2024-10-07,94,0
14,2024-42,2024-10-14,105,1
14,2024-43,2024-10-21,95,0
14,2024-44,2024-10-28,107,1
14,2024-45,2024-11-04,91,0
14,2024-46,2024-11-11,109,0
14,2024-47,2024-11-18,113,0
14,2024-48,2024-11-25,119,0
14,2024-49,2024-12-02,128,0
14,2024-50,2024-12-09,118,0
14,2024-51,2024-12-16,140,1
14,2024-52,2024-12-23,123,0
14,2024-53,2024-12-30,55,1
14,2025-00,2025-01-01,89,0
14,2025-01,2025-01-06,132,1
14,2025-02,2025-01-13,137,0
14,2025-03,2025-01-20,141,0
14,2025-04,2025-01-27,140,1
14,2025-05,2025-02-03,125,0
14,2025-06,2025-02-10,132,0
14,2025-07,2025-02-17,181,2
14,2025-08,2025-02-24,132,0
14,2025-09,2025-03-03,120,0
14,2025-10,2025-03-10,131,0
14,2025-11,2025-03-17,117,0
14,2025-12,2025-03-24,122,0
14,2025-13,2025-03-31,103,0
14,2025-14,2025-04-07,113,0
14,2025-15,2025-04-14,102,0
14,2025-16,2025-04-21,116,1
14,2025-17,2025-04-28,112,2
14,2025-18,2025-05-05,104,1
14,2025-19,2025-05-12,95,0
14,2025-20,2025-05-19,83,0
14,2025-21,2025-05-26,93,1
14,2025-22,2025-06-02,89,2
14,2025-23,2025-06-09,76,0
14,2025-24,2025-06-16,85,1
14,2025-25,2025-06-23,81,0
14,2025-26,2025-06-30,86,1
14,2025-27,2025-07-07,63,0
14,2025-28,2025-07-14,73,0
14,2025-29,2025-07-21,78,1
14,2025-30,2025-07-29,58,0
14,2025-31,2025-08-04,73,0
14,2025-32,2025-08-11,72,0
14,2025-33,2025-08-18,86,2
14,2025-34,2025-08-25,77,0
14,2025-35,2025-09-01,84,0
14,2025-36,2025-09-08,78,0
14,2025-37,2025-09-15,87,0
14,2025-38,2025-09-22,92,0
14,2025-39,2025-09-29,108,1
14,2025-40,2025-10-06,96,1
14,2025-41,2025-10-13,96,0
14,2025-42,2025-10-20,110,0
14,2025-43,2025-10-27,114,0
14,2025-44,2025-11-03,119,1
14,2025-45,2025-11-10,121,0
14,2025-46,2025-11-17,115,1
14,2025-47,2025-11-24,127,1
14,2025-48,2025-12-01,121,0
14,2025-49,2025-12-08,143,1
14,2025-50,2025-12-15,126,0
14,2025-51,2025-12-23,124,1
14,2025-52,2025-12-29,61,1
15,2023-00,2023-01-01,16,1
15,2023-01,2023-01-02,92,0
15,2023-02,2023-01-09,104,1
15,2023-03,2023-01-16,97,0
15,2023-04,2023-01-23,91,0
15,2023-05,2023-01-30,110,1
15,2023-06,2023-02-06,108,1
15,2023-07,2023-02-13,96,0
15,2023-08,2023-02-20,103,1
15,2023-09,2023-02-27,95,0
15,2023-10,2023-03-06,108,1
15,2023-11,2023-03-13,106,2
15,2023-12,2023-03-20,87,0
15,2023-13,2023-03-27,87,2
15,2023-14,2023-04-03,85,0
15,2023-15,2023-04-10,81,1
15,2023-16,2023-04-17,79,0
15,2023-17,2023-04-24,81,0
15,2023-18,2023-05-01,70,2
15,2023-19,2023-05-08,78,2
15,2023-20,2023-05-15,62,1
15,2023-21,2023-05-22,64,1
15,2023-22,2023-05-29,64,1
15,2023-23,2023-06-05,58,1
15,2023-24,2023-06-13,41,0
15,2023-25,2023-06-19,54,1
15,2023-26,2023-06-26,58,1
15,2023-27,2023-07-03,51,1
15,2023-28,2023-07-10,42,1
15,2023-29,2023-07-17,45,2
15,2023-30,2023-07-24,42,1
15,2023-31,2023-07-31,52,0
15,2023-32,2023-08-07,53,1
15,2023-33,2023-08-14,51,0
15,2023-34,2023-08-21,64,1
15,2023-35,2023-08-28,48,0
15,2023-36,2023-09-04,56,0
15,2023-37,2023-09-11,55,0
15,2023-38,2023-09-18,58,0
15,2023-39,2023-09-25,61,1
15,2023-40,2023-10-02,61,0
15,2023-41,2023-10-09,71,1
15,2023-42,2023-10-16,72,1
15,2023-43,2023-10-23,82,2
15,2023-44,2023-10-30,78,0
15,2023-45,2023-11-06,88,1
15,2023-46,2023-11-13,92,1
15,2023-47,2023-11-20,80,0
15,2023-48,2023-11-27,94,0
15,2023-49,2023-12-04,81,0
15,2023-50,2023-12-11,92,1
15,2023-51,2023-12-18,93,0
15,2023-52,2023-12-25,100,0
15,2024-01,2024-01-01,105,1
15,2024-02,2024-01-08,98,0
15,2024-03,2024-01-15,103,1
15,2024-04,2024-01-22,99,0
15,2024-05,2024-01-29,106,1
15,2024-06,2024-02-05,94,1
15,2024-07,2024-02-12,114,1
15,2024-08,2024-02-19,99,0
15,2024-09,2024-02-26,95,0
15,2024-10,2024-03-04,112,2
15,2024-11,2024-03-11,100,3
15,2024-12,2024-03-18,98,1
15,2024-13,2024-03-25,104,2
15,2024-14,2024-04-01,101,2
15,2024-15,2024-04-08,84,0
15,2024-16,2024-04-15,78,0
15,2024-17,2024-04-22,86,1
15,2024-18,2024-04-29,73,0
15,2024-19,2024-05-06,76,0
15,2024-20,2024-05-13,70,0
15,2024-21,2024-05-20,75,1
15,2024-22,2024-05-27,66,1
15,2024-23,2024-06-03,52,0
15,2024-24,2024-06-10,64,1
15,2024-25,2024-06-17,57,0
15,2024-26,2024-06-24,65,1
15,2024-27,2024-07-01,60,1
15,2024-28,2024-07-08,45,0
15,2024-29,2024-07-15,53,0
15,2024-30,2024-07-22,56,0
15,2024-31,2024-07-29,52,0
15,2024-32,2024-08-05,65,1
15,2024-33,2024-08-12,63,1
15,2024-34,2024-08-19,54,1
15,2024-35,2024-08-26,54,0
15,2024-36,2024-09-02,54,0
15,2024-37,2024-09-09,78,2
15,2024-38,2024-09-16,59,0
15,2024-39,2024-09-23,65,0
15,2024-40,2024-09-30,86,2
15,2024-41,2024-10-07,70,0
15,2024-42,2024-10-14,73,0
15,2024-43,2024-10-21,77,0
15,2024-44,2024-10-28,99,2
15,2024-45,2024-11-04,87,1
15,2024-46,2024-11-11,92,0
15,2024-47,2024-11-18,91,0
15,2024-48,2024-11-25,96,0
15,2024-49,2024-12-02,98,0
15,2024-50,2024-12-09,95,0
15,2024-51,2024-12-16,99,0
15,2024-52,2024-12-23,97,0
15,2024-53,2024-12-30,36,1
15,2025-00,2025-01-01,74,0
15,2025-01,2025-01-06,114,1
15,2025-02,2025-01-13,112,1
15,2025-03,2025-01-20,124,2
15,2025-04,2025-01-27,117,1
15,2025-05,2025-02-03,104,0
15,2025-06,2025-02-10,109,0
15,2025-07,2025-02-17,109,1
15,2025-08,2025-02-24,102,0
15,2025-09,2025-03-03,110,1
15,2025-10,2025-03-10,92,0
15,2025-11,2025-03-17,99,0
15,2025-12,2025-03-24,94,1
15,2025-13,2025-03-31,93,0
15,2025-14,2025-04-07,92,1
15,2025-15,2025-04-14,95,0
15,2025-16,2025-04-21,79,1
15,2025-17,2025-04-28,101,2
15,2025-18,2025-05-05,91,1
15,2025-19,2025-05-12,77,0
15,2025-20,2025-05-19,72,0
15,2025-21,2025-05-26,71,0
15,2025-22,2025-06-02,75,1
15,2025-23,2025-06-09,68,2
15,2025-24,2025-06-16,62,0
15,2025-25,2025-06-23,61,0
15,2025-26,2025-06-30,62,0
15,2025-27,2025-07-07,55,0
15,2025-28,2025-07-14,62,0
15,2025-29,2025-07-21,59,1
15,2025-30,2025-07-28,64,0
15,2025-31,2025-08-04,65,0
15,2025-32,2025-08-11,57,2
15,2025-33,2025-08-18,72,1
15,2025-34,2025-08-25,66,0
15,2025-35,2025-09-01,67,1
15,2025-36,2025-09-08,66,0
15,2025-37,2025-09-15,70,1
15,2025-38,2025-09-22,73,0
15,2025-39,2025-09-29,82,0
15,2025-40,2025-10-06,78,1
15,2025-41,2025-10-13,88,1
15,2025-42,2025-10-20,92,1
15,2025-43,2025-10-27,79,0
15,2025-44,2025-11-03,84,0
15,2025-45,2025-11-10,86,0
15,2025-46,2025-11-17,100,1
15,2025-47,2025-11-24,121,2
15,2025-48,2025-12-01,108,0
15,2025-49,2025-12-08,105,2
15,2025-50,2025-12-15,129,2
15,2025-51,2025-12-22,105,0
15,2025-52,2025-12-29,43,0
16,2023-00,2023-01-01,18,0
16,2023-01,2023-01-02,137,2
16,2023-02,2023-01-09,145,1
16,2023-03,2023-01-16,142,1
16,2023-04,2023-01-23,127,0
16,2023-05,2023-01-30,132,0
16,2023-06,2023-02-06,135,0
16,2023-07,2023-02-13,150,3
16,2023-08,2023-02-20,130,0
16,2023-09,2023-02-27,124,0
16,2023-10,2023-03-06,114,0
16,2023-11,2023-03-13,123,0
16,2023-12,2023-03-20,115,0
16,2023-13,2023-03-27,139,3
16,2023-14,2023-04-03,106,1
16,2023-15,2023-04-10,126,2
16,2023-16,2023-04-17,108,1
16,2023-17,2023-04-24,94,0
16,2023-18,2023-05-01,105,1
16,2023-19,2023-05-08,85,1
16,2023-20,2023-05-15,81,0
16,2023-21,2023-05-22,95,2
16,2023-22,2023-05-29,83,0
16,2023-23,2023-06-05,66,0
16,2023-24,2023-06-12,72,0
16,2023-25,2023-06-19,87,0
16,2023-26,2023-06-26,61,1
16,2023-27,2023-07-03,76,1
16,2023-28,2023-07-10,66,0
16,2023-29,2023-07-17,75,1
16,2023-30,2023-07-24,61,0
16,2023-31,2023-07-31,71,2
16,2023-32,2023-08-07,71,1
16,2023-33,2023-08-14,69,1
16,2023-34,2023-08-21,71,0
16,2023-35,2023-08-28,80,1
16,2023-36,2023-09-04,76,0
16,2023-37,2023-09-11,88,1
16,2023-38,2023-09-18,89,1
16,2023-39,2023-09-25,84,0
16,2023-40,2023-10-02,108,2
16,2023-41,2023-10-09,94,1
16,2023-42,2023-10-16,109,0
16,2023-43,2023-10-23,98,0
16,2023-44,2023-10-30,114,0
16,2023-45,2023-11-06,120,1
16,2023-46,2023-11-13,119,1
16,2023-47,2023-11-20,114,0
16,2023-48,2023-11-27,127,1
16,2023-49,2023-12-04,114,0
16,2023-50,2023-12-11,151,2
16,2023-51,2023-12-18,133,0
16,2023-52,2023-12-25,122,0
16,2024-01,2024-01-01,134,0
16,2024-02,2024-01-08,146,1
16,2024-03,2024-01-15,132,0
16,2024-04,2024-01-22,134,0
16,2024-05,2024-01-29,140,0
16,2024-06,2024-02-05,133,0
16,2024-07,2024-02-12,121,0
16,2024-08,2024-02-19,126,0
16,2024-09,2024-02-26,149,2
16,2024-10,2024-03-04,141,1
16,2024-11,2024-03-11,140,1
16,2024-12,2024-03-18,124,0
16,2024-13,2024-03-25,121,0
16,2024-14,2024-04-01,114,0
16,2024-15,2024-04-08,92,0
16,2024-16,2024-04-15,109,0
16,2024-17,2024-04-22,105,0
16,2024-18,2024-04-29,102,0
16,2024-19,2024-05-06,98,0
16,2024-20,2024-05-13,100,0
16,2024-21,2024-05-20,88,0
16,2024-22,2024-05-27,98,1
16,2024-23,2024-06-03,81,0
16,2024-24,2024-06-10,76,0
16,2024-25,2024-06-17,83,0
16,2024-26,2024-06-24,79,1
16,2024-27,2024-07-01,65,0
16,2024-28,2024-07-08,90,1
16,2024-29,2024-07-15,70,0
16,2024-30,2024-07-22,84,0
16,2024-31,2024-07-29,66,0
16,2024-32,2024-08-05,76,1
16,2024-33,2024-08-12,77,0
16,2024-34,2024-08-19,85,1
16,2024-35,2024-08-26,78,1
16,2024-36,2024-09-02,87,1
16,2024-37,2024-09-09,99,1
16,2024-38,2024-09-16,85,0
16,2024-39,2024-09-23,94,0
16,2024-40,2024-09-30,96,0
16,2024-41,2024-10-07,111,1
16,2024-42,2024-10-14,106,2
16,2024-43,2024-10-21,109,1
16,2024-44,2024-10-28,127,1
16,2024-45,2024-11-04,119,1
16,2024-46,2024-11-11,121,1
16,2024-47,2024-11-18,126,0
16,2024-48,2024-11-25,134,1
16,2024-49,2024-12-02,129,0
16,2024-50,2024-12-09,137,1
16,2024-51,2024-12-16,135,0
16,2024-52,2024-12-23,140,1
16,2024-53,2024-12-30,41,0
16,2025-00,2025-01-01,110,1
16,2025-01,2025-01-06,144,0
16,2025-02,2025-01-13,135,0
16,2025-03,2025-01-20,146,0
16,2025-04,2025-01-27,138,0
16,2025-05,2025-02-03,117,0
16,2025-06,2025-02-10,140,0
16,2025-07,2025-02-17,152,1
16,2025-08,2025-02-24,151,1
16,2025-09,2025-03-03,129,0
16,2025-10,2025-03-10,129,0
16,2025-11,2025-03-17,137,1
16,2025-12,2025-03-24,126,0
16,2025-13,2025-03-31,113,0
16,2025-14,2025-04-07,114,1
16,2025-15,2025-04-14,116,1
16,2025-16,2025-04-21,113,0
16,2025-17,2025-04-28,126,1
16,2025-18,2025-05-05,104,0
16,2025-19,2025-05-12,102,0
16,2025-20,2025-05-19,106,2
16,2025-21,2025-05-26,92,1
16,2025-22,2025-06-02,87,0
16,2025-23,2025-06-09,99,1
16,2025-24,2025-06-16,90,1
16,2025-25,2025-06-23,81,0
16,2025-26,2025-06-30,97,2
16,2025-27,2025-07-07,82,1
16,2025-28,2025-07-14,81,0
16,2025-29,2025-07-21,82,0
16,2025-30,2025-07-28,85,1
16,2025-31,2025-08-04,74,0
16,2025-32,2025-08-11,100,1
16,2025-33,2025-08-18,94,3
16,2025-34,2025-08-25,86,1
16,2025-35,2025-09-01,85,0
16,2025-36,2025-09-08,96,1
16,2025-37,2025-09-15,92,0
16,2025-38,2025-09-22,100,0
16,2025-39,2025-09-29,107,1
16,2025-40,2025-10-06,94,0
16,2025-41,2025-10-13,104,0
16,2025-42,2025-10-20,109,0
16,2025-43,2025-10-27,121,1
16,2025-44,2025-11-03,123,0
16,2025-45,2025-11-10,125,0
16,2025-46,2025-11-17,142,0
16,2025-47,2025-11-24,143,1
16,2025-48,2025-12-01,143,1
16,2025-49,2025-12-08,158,1
16,2025-50,2025-12-15,149,1
16,2025-51,2025-12-22,151,1
16,2025-52,2025-12-29,64,0
17,2023-00,2023-01-01,28,0
17,2023-01,2023-01-02,227,2
17,2023-02,2023-01-09,212,1
17,2023-03,2023-01-16,216,1
17,2023-04,2023-01-23,198,0
17,2023-05,2023-01-30,180,0
17,2023-06,2023-02-06,198,0
17,2023-07,2023-02-13,195,0
17,2023-08,2023-02-20,229,1
17,2023-09,2023-02-27,193,0
17,2023-10,2023-03-06,217,2
17,2023-11,2023-03-13,196,1
17,2023-12,2023-03-20,212,1
17,2023-13,2023-03-27,201,2
17,2023-14,2023-04-03,177,1
17,2023-15,2023-04-10,156,0
17,2023-16,2023-04-17,177,1
17,2023-17,2023-04-24,154,0
17,2023-18,2023-05-01,130,0
17,2023-19,2023-05-08,146,1
17,2023-20,2023-05-15,114,0
17,2023-21,2023-05-22,143,1
17,2023-22,2023-05-29,139,1
17,2023-23,2023-06-05,124,2
17,2023-24,2023-06-12,114,0
17,2023-25,2023-06-19,93,0
17,2023-26,2023-06-26,114,0
17,2023-27,2023-07-03,116,0
17,2023-28,2023-07-10,109,0
17,2023-29,2023-07-17,88,0
17,2023-30,2023-07-24,114,1
17,2023-31,2023-07-31,136,1
17,2023-32,2023-08-07,107,0
17,2023-33,2023-08-14,118,2
17,2023-34,2023-08-21,114,1
17,2023-35,2023-08-28,103,0
17,2023-36,2023-09-04,126,0
17,2023-37,2023-09-11,134,0
17,2023-38,2023-09-18,116,0
17,2023-39,2023-09-25,134,1
17,2023-40,2023-10-02,148,1
17,2023-41,2023-10-09,132,0
17,2023-42,2023-10-16,132,0
17,2023-43,2023-10-23,167,0
17,2023-44,2023-10-30,164,1
17,2023-45,2023-11-06,166,0
17,2023-46,2023-11-13,176,0
17,2023-47,2023-11-20,183,0
17,2023-48,2023-11-27,175,0
17,2023-49,2023-12-04,183,0
17,2023-50,2023-12-11,156,0
17,2023-51,2023-12-18,194,0
17,2023-52,2023-12-25,230,1
17,2024-01,2024-01-01,197,0
17,2024-02,2024-01-08,220,0
17,2024-03,2024-01-15,225,0
17,2024-04,2024-01-22,214,1
17,2024-05,2024-01-29,199,0
17,2024-06,2024-02-05,194,0
17,2024-07,2024-02-12,209,0
17,2024-08,2024-02-19,200,0
17,2024-09,2024-02-26,203,0
17,2024-10,2024-03-04,227,1
17,2024-11,2024-03-11,206,0
17,2024-12,2024-03-18,206,1
17,2024-13,2024-03-25,199,1
17,2024-14,2024-04-01,171,0
17,2024-15,2024-04-08,159,0
17,2024-16,2024-04-15,198,1
17,2024-17,2024-04-22,168,1
17,2024-18,2024-04-29,164,1
17,2024-19,2024-05-06,146,0
17,2024-20,2024-05-13,168,1
17,2024-21,2024-05-20,144,1
17,2024-22,2024-05-27,140,0
17,2024-23,2024-06-03,160,1
17,2024-24,2024-06-10,125,0
17,2024-25,2024-06-17,123,1
17,2024-26,2024-06-24,122,1
17,2024-27,2024-07-01,134,2
17,2024-28,2024-07-08,132,1
17,2024-29,2024-07-15,116,0
17,2024-30,2024-07-22,124,1
17,2024-31,2024-07-29,116,0
17,2024-32,2024-08-05,111,1
17,2024-33,2024-08-12,111,0
17,2024-34,2024-08-20,93,1
17,2024-35,2024-08-26,142,0
17,2024-36,2024-09-02,109,0
17,2024-37,2024-09-09,126,0
17,2024-38,2024-09-16,128,0
17,2024-39,2024-09-23,147,1
17,2024-40,2024-09-30,173,2
17,2024-41,2024-10-07,157,0
17,2024-42,2024-10-14,161,1
17,2024-43,2024-10-21,183,1
17,2024-44,2024-10-28,170,0
17,2024-45,2024-11-04,182,0
17,2024-46,2024-11-11,195,0
17,2024-47,2024-11-18,184,1
17,2024-48,2024-11-25,199,0
17,2024-49,2024-12-02,207,0
17,2024-50,2024-12-09,195,0
17,2024-51,2024-12-16,207,1
17,2024-52,2024-12-23,211,0
17,2024-53,2024-12-30,66,0
17,2025-00,2025-01-01,147,0
17,2025-01,2025-01-06,216,0
17,2025-02,2025-01-13,227,1
17,2025-03,2025-01-20,215,0
17,2025-04,2025-01-27,223,0
17,2025-05,2025-02-03,232,1
17,2025-06,2025-02-10,216,0
17,2025-07,2025-02-17,236,1
17,2025-08,2025-02-24,214,1
17,2025-09,2025-03-03,223,0
17,2025-10,2025-03-10,211,0
17,2025-11,2025-03-17,215,1
17,2025-12,2025-03-24,204,1
17,2025-13,2025-03-31,248,2
17,2025-14,2025-04-07,186,1
17,2025-15,2025-04-14,176,1
17,2025-16,2025-04-21,172,0
17,2025-17,2025-04-28,156,0
17,2025-18,2025-05-05,157,0
17,2025-19,2025-05-12,153,1
17,2025-20,2025-05-19,165,0
17,2025-21,2025-05-26,149,1
17,2025-22,2025-06-02,134,0
17,2025-23,2025-06-09,154,1
17,2025-24,2025-06-16,130,0
17,2025-25,2025-06-23,121,0
17,2025-26,2025-06-30,125,0
17,2025-27,2025-07-07,105,0
17,2025-28,2025-07-14,154,2
17,2025-29,2025-07-21,120,0
17,2025-30,2025-07-28,127,0
17,2025-31,2025-08-04,134,1
17,2025-32,2025-08-11,115,0
17,2025-33,2025-08-18,120,1
17,2025-34,2025-08-25,131,0
17,2025-35,2025-09-01,116,0
17,2025-36,2025-09-08,144,2
17,2025-37,2025-09-15,159,1
17,2025-38,2025-09-22,145,0
17,2025-39,2025-09-29,154,1
17,2025-40,2025-10-06,176,1
17,2025-41,2025-10-13,158,0
17,2025-42,2025-10-20,174,0
17,2025-43,2025-10-27,216,2
17,2025-44,2025-11-03,193,0
17,2025-45,2025-11-10,184,0
17,2025-46,2025-11-17,208,1
17,2025-47,2025-11-24,196,0
17,2025-48,2025-12-01,213,0
17,2025-49,2025-12-08,225,0
17,2025-50,2025-12-15,213,0
17,2025-51,2025-12-22,213,0
17,2025-52,2025-12-29,95,0
18,2023-00,2023-01-01,19,0
18,2023-01,2023-01-02,153,0
18,2023-02,2023-01-09,168,1
18,2023-03,2023-01-16,178,1
18,2023-04,2023-01-23,155,0
18,2023-05,2023-01-30,157,0
18,2023-06,2023-02-06,140,0
18,2023-07,2023-02-13,174,2
18,2023-08,2023-02-20,156,0
18,2023-09,2023-02-27,166,3
18,2023-10,2023-03-06,157,1
18,2023-11,2023-03-13,162,1
18,2023-12,2023-03-20,136,0
18,2023-13,2023-03-27,148,1
18,2023-14,2023-04-03,129,0
18,2023-15,2023-04-10,128,0
18,2023-16,2023-04-17,127,0
18,2023-17,2023-04-24,127,1
18,2023-18,2023-05-01,118,0
18,2023-19,2023-05-08,125,1
18,2023-20,2023-05-15,114,1
18,2023-21,2023-05-22,105,1
18,2023-22,2023-05-29,85,0
18,2023-23,2023-06-05,96,1
18,2023-24,2023-06-12,90,0
18,2023-25,2023-06-19,91,0
18,2023-26,2023-06-26,91,0
18,2023-27,2023-07-03,95,1
18,2023-28,2023-07-10,72,0
18,2023-29,2023-07-17,77,1
18,2023-30,2023-07-24,76,1
18,2023-31,2023-07-31,69,0
18,2023-32,2023-08-07,73,0
18,2023-33,2023-08-14,74,0
18,2023-34,2023-08-22,78,1
18,2023-35,2023-08-28,86,1
18,2023-36,2023-09-04,87,1
18,2023-37,2023-09-11,100,0
18,2023-38,2023-09-18,85,0
18,2023-39,2023-09-25,107,1
18,2023-40,2023-10-02,109,0
18,2023-41,2023-10-09,114,0
18,2023-42,2023-10-16,111,0
18,2023-43,2023-10-23,121,1
18,2023-44,2023-10-30,139,0
18,2023-45,2023-11-06,132,0
18,2023-46,2023-11-13,139,0
18,2023-47,2023-11-20,146,0
18,2023-48,2023-11-27,152,1
18,2023-49,2023-12-04,163,1
18,2023-50,2023-12-11,140,0
18,2023-51,2023-12-18,155,0
18,2023-52,2023-12-25,163,1
18,2024-01,2024-01-01,169,0
18,2024-02,2024-01-08,175,1
18,2024-03,2024-01-15,166,0
18,2024-04,2024-01-22,141,0
18,2024-05,2024-01-29,165,0
18,2024-06,2024-02-05,156,0
18,2024-07,2024-02-12,168,0
18,2024-08,2024-02-19,159,0
18,2024-09,2024-02-26,166,1
18,2024-10,2024-03-04,159,0
18,2024-11,2024-03-11,170,1
18,2024-12,2024-03-18,150,0
18,2024-13,2024-03-25,130,0
18,2024-14,2024-04-01,156,1
18,2024-15,2024-04-08,137,0
18,2024-16,2024-04-15,133,1
18,2024-17,2024-04-22,117,0
18,2024-18,2024-04-29,125,1
18,2024-19,2024-05-06,115,0
18,2024-20,2024-05-13,121,1
18,2024-21,2024-05-20,120,0
18,2024-22,2024-05-27,138,2
18,2024-23,2024-06-03,95,0
18,2024-24,2024-06-10,82,0
18,2024-25,2024-06-17,113,1
18,2024-26,2024-06-24,80,0
18,2024-27,2024-07-01,98,0
18,2024-28,2024-07-08,82,0
18,2024-29,2024-07-15,89,1
18,2024-30,2024-07-22,89,1
18,2024-31,2024-07-29,92,0
18,2024-32,2024-08-05,86,0
18,2024-33,2024-08-12,86,1
18,2024-34,2024-08-19,102,1
18,2024-35,2024-08-26,78,0
18,2024-36,2024-09-02,97,0
18,2024-37,2024-09-09,109,0
18,2024-38,2024-09-16,105,1
18,2024-39,2024-09-23,118,1
18,2024-40,2024-09-30,120,1
18,2024-41,2024-10-07,124,1
18,2024-42,2024-10-14,129,0
18,2024-43,2024-10-21,133,0
18,2024-44,2024-10-28,147,2
18,2024-45,2024-11-04,143,0
18,2024-46,2024-11-11,146,0
18,2024-47,2024-11-18,136,0
18,2024-48,2024-11-25,171,2
18,2024-49,2024-12-02,152,1
18,2024-50,2024-12-09,156,1
18,2024-51,2024-12-16,165,0
18,2024-52,2024-12-23,169,1
18,2024-53,2024-12-30,48,0
18,2025-00,2025-01-01,115,0
18,2025-01,2025-01-06,192,1
18,2025-02,2025-01-13,174,1
18,2025-03,2025-01-20,202,2
18,2025-04,2025-01-27,162,0
18,2025-05,2025-02-03,212,2
18,2025-06,2025-02-10,171,0
18,2025-07,2025-02-17,190,2
18,2025-08,2025-02-24,170,0
18,2025-09,2025-03-03,187,1
18,2025-10,2025-03-10,171,1
18,2025-11,2025-03-17,163,1
18,2025-12,2025-03-24,153,0
18,2025-13,2025-03-31,165,1
18,2025-14,2025-04-07,144,0
18,2025-15,2025-04-14,133,0
18,2025-16,2025-04-21,135,0
18,2025-17,2025-04-28,121,1
18,2025-18,2025-05-05,155,1
18,2025-19,2025-05-12,113,0
18,2025-20,2025-05-19,142,2
18,2025-21,2025-05-26,118,0
18,2025-22,2025-06-02,108,0
18,2025-23,2025-06-09,108,1
18,2025-24,2025-06-16,112,1
18,2025-25,2025-06-23,93,0
18,2025-26,2025-06-30,93,0
18,2025-27,2025-07-07,97,1
18,2025-28,2025-07-14,95,1
18,2025-29,2025-07-21,100,0
18,2025-30,2025-07-28,114,1
18,2025-31,2025-08-04,78,0
18,2025-32,2025-08-11,106,0
18,2025-33,2025-08-18,103,0
18,2025-34,2025-08-25,115,1
18,2025-35,2025-09-01,108,0
18,2025-36,2025-09-08,113,0
18,2025-37,2025-09-15,112,0
18,2025-38,2025-09-22,129,1
18,2025-39,2025-09-29,123,0
18,2025-40,2025-10-06,119,0
18,2025-41,2025-10-13,138,1
18,2025-42,2025-10-21,133,2
18,2025-43,2025-10-27,133,0
18,2025-44,2025-11-03,134,0
18,2025-45,2025-11-10,143,0
18,2025-46,2025-11-17,184,2
18,2025-47,2025-11-24,181,2
18,2025-48,2025-12-01,168,1
18,2025-49,2025-12-08,188,1
18,2025-50,2025-12-15,156,0
18,2025-51,2025-12-22,163,0
18,2025-52,2025-12-29,76,0
19,2023-00,2023-01-01,28,0
19,2023-01,2023-01-02,168,1
19,2023-02,2023-01-09,159,0
19,2023-03,2023-01-16,178,0
19,2023-04,2023-01-23,190,2
19,2023-05,2023-01-30,177,0
19,2023-06,2023-02-06,143,0
19,2023-07,2023-02-13,173,0
19,2023-08,2023-02-20,170,0
19,2023-09,2023-02-27,179,1
19,2023-10,2023-03-06,159,0
19,2023-11,2023-03-13,172,2
19,2023-12,2023-03-20,162,0
19,2023-13,2023-03-27,160,2
19,2023-14,2023-04-03,137,0
19,2023-15,2023-04-10,129,0
19,2023-16,2023-04-17,127,0
19,2023-17,2023-04-24,163,2
19,2023-18,2023-05-01,140,2
19,2023-19,2023-05-08,129,1
19,2023-20,2023-05-15,143,2
19,2023-21,2023-05-22,119,1
19,2023-22,2023-05-29,124,0
19,2023-23,2023-06-05,99,0
19,2023-24,2023-06-12,95,1
19,2023-25,2023-06-19,102,1
19,2023-26,2023-06-26,96,1
19,2023-27,2023-07-03,81,0
19,2023-28,2023-07-10,101,2
19,2023-29,2023-07-17,95,0
19,2023-30,2023-07-24,94,0
19,2023-31,2023-07-31,81,0
19,2023-32,2023-08-07,95,1
19,2023-33,2023-08-14,97,2
19,2023-34,2023-08-21,91,0
19,2023-35,2023-08-28,109,1
19,2023-36,2023-09-04,96,0
19,2023-37,2023-09-11,113,2
19,2023-38,2023-09-18,108,0
19,2023-39,2023-09-25,129,1
19,2023-40,2023-10-02,104,0
19,2023-41,2023-10-09,135,1
19,2023-42,2023-10-16,140,1
19,2023-43,2023-10-23,141,0
19,2023-44,2023-10-30,154,1
19,2023-45,2023-11-06,137,0
19,2023-46,2023-11-13,144,0
19,2023-47,2023-11-20,148,0
19,2023-48,2023-11-27,176,1
19,2023-49,2023-12-04,135,0
19,2023-50,2023-12-11,168,0
19,2023-51,2023-12-18,168,1
19,2023-52,2023-12-25,174,0
19,2024-01,2024-01-01,181,1
19,2024-02,2024-01-08,172,0
19,2024-03,2024-01-15,196,2
19,2024-04,2024-01-22,195,1
19,2024-05,2024-01-29,186,0
19,2024-06,2024-02-05,190,1
19,2024-07,2024-02-12,154,0
19,2024-08,2024-02-19,204,1
19,2024-09,2024-02-26,190,2
19,2024-10,2024-03-04,183,1
19,2024-11,2024-03-11,187,0
19,2024-12,2024-03-18,155,0
19,2024-13,2024-03-25,145,1
19,2024-14,2024-04-01,173,1
19,2024-15,2024-04-08,150,0
19,2024-16,2024-04-15,141,0
19,2024-17,2024-04-22,138,1
19,2024-18,2024-04-29,139,1
19,2024-19,2024-05-06,126,2
19,2024-20,2024-05-13,124,2
19,2024-21,2024-05-20,116,0
19,2024-22,2024-05-27,119,0
19,2024-23,2024-06-03,110,0
19,2024-24,2024-06-10,97,0
19,2024-25,2024-06-17,113,2
19,2024-26,2024-06-24,99,1
19,2024-27,2024-07-01,116,1
19,2024-28,2024-07-08,98,1
19,2024-29,2024-07-15,91,0
19,2024-30,2024-07-22,108,1
19,2024-31,2024-07-29,93,0
19,2024-32,2024-08-05,81,0
19,2024-33,2024-08-12,112,0
19,2024-34,2024-08-19,103,0
19,2024-35,2024-08-26,102,0
19,2024-36,2024-09-02,93,0
19,2024-37,2024-09-09,103,0
19,2024-38,2024-09-16,114,0
19,2024-39,2024-09-23,121,0
19,2024-40,2024-09-30,127,0
19,2024-41,2024-10-07,127,0
19,2024-42,2024-10-14,142,0
19,2024-43,2024-10-21,147,0
19,2024-44,2024-10-28,163,1
19,2024-45,2024-11-04,121,0
19,2024-46,2024-11-11,169,0
19,2024-47,2024-11-18,188,1
19,2024-48,2024-11-25,162,0
19,2024-49,2024-12-02,172,0
19,2024-50,2024-12-09,181,1
19,2024-51,2024-12-16,181,1
19,2024-52,2024-12-23,188,1
19,2024-53,2024-12-30,55,0
19,2025-00,2025-01-01,122,0
19,2025-01,2025-01-06,192,0
19,2025-02,2025-01-13,255,4
19,2025-03,2025-01-20,185,0
19,2025-04,2025-01-27,207,1
19,2025-05,2025-02-03,187,0
19,2025-06,2025-02-10,207,1
19,2025-07,2025-02-17,197,0
19,2025-08,2025-02-24,183,0
19,2025-09,2025-03-03,178,0
19,2025-10,2025-03-10,168,0
19,2025-11,2025-03-17,164,0
19,2025-12,2025-03-24,167,0
19,2025-13,2025-03-31,166,1
19,2025-14,2025-04-07,148,0
19,2025-15,2025-04-14,153,0
19,2025-16,2025-04-21,146,0
19,2025-17,2025-04-28,142,0
19,2025-18,2025-05-05,138,1
19,2025-19,2025-05-12,146,1
19,2025-20,2025-05-19,141,0
19,2025-21,2025-05-26,141,1
19,2025-22,2025-06-02,118,0
19,2025-23,2025-06-09,108,0
19,2025-24,2025-06-16,122,0
19,2025-25,2025-06-23,96,0
19,2025-26,2025-06-30,111,1
19,2025-27,2025-07-07,119,0
19,2025-28,2025-07-14,85,0
19,2025-29,2025-07-21,105,0
19,2025-30,2025-07-28,86,0
19,2025-31,2025-08-04,109,1
19,2025-32,2025-08-11,107,0
19,2025-33,2025-08-18,107,0
19,2025-34,2025-08-25,129,2
19,2025-35,2025-09-01,110,0
19,2025-36,2025-09-08,110,0
19,2025-37,2025-09-15,102,0
19,2025-38,2025-09-22,157,2
19,2025-39,2025-09-29,139,0
19,2025-40,2025-10-06,143,1
19,2025-41,2025-10-13,138,0
19,2025-42,2025-10-20,158,2
19,2025-43,2025-10-27,148,0
19,2025-44,2025-11-03,154,0
19,2025-45,2025-11-10,200,3
19,2025-46,2025-11-17,154,0
19,2025-47,2025-11-24,177,2
19,2025-48,2025-12-01,185,0
19,2025-49,2025-12-08,195,1
19,2025-50,2025-12-16,152,0
19,2025-51,2025-12-22,216,1
19,2025-52,2025-12-29,79,0
20,2023-00,2023-01-01,25,0
20,2023-01,2023-01-02,181,0
20,2023-02,2023-01-09,199,0
20,2023-03,2023-01-16,199,0
20,2023-04,2023-01-23,239,2
20,2023-05,2023-01-30,195,0
20,2023-06,2023-02-06,212,0
20,2023-07,2023-02-13,179,0
20,2023-08,2023-02-20,189,0
20,2023-09,2023-02-27,187,0
20,2023-10,2023-03-06,176,0
20,2023-11,2023-03-13,166,0
20,2023-12,2023-03-20,151,0
20,2023-13,2023-03-27,180,0
20,2023-14,2023-04-03,168,1
20,2023-15,2023-04-10,189,2
20,2023-16,2023-04-17,149,1
20,2023-17,2023-04-24,171,2
20,2023-18,2023-05-01,153,1
20,2023-19,2023-05-08,132,1
20,2023-20,2023-05-15,138,0
20,2023-21,2023-05-22,133,1
20,2023-22,2023-05-29,131,1
20,2023-23,2023-06-05,146,2
20,2023-24,2023-06-12,102,1
20,2023-25,2023-06-19,124,1
20,2023-26,2023-06-26,103,1
20,2023-27,2023-07-03,110,1
20,2023-28,2023-07-10,84,0
20,2023-29,2023-07-17,112,1
20,2023-30,2023-07-24,93,0
20,2023-31,2023-07-31,124,2
20,2023-32,2023-08-07,108,0
20,2023-33,2023-08-14,113,1
20,2023-34,2023-08-21,119,3
20,2023-35,2023-08-28,113,1
20,2023-36,2023-09-04,136,1
20,2023-37,2023-09-11,90,0
20,2023-38,2023-09-18,124,0
20,2023-39,2023-09-25,126,0
20,2023-40,2023-10-02,109,0
20,2023-41,2023-10-09,141,0
20,2023-42,2023-10-16,154,2
20,2023-43,2023-10-23,141,0
20,2023-44,2023-10-30,150,0
20,2023-45,2023-11-06,160,0
20,2023-46,2023-11-13,191,1
20,2023-47,2023-11-20,143,0
20,2023-48,2023-11-27,184,0
20,2023-49,2023-12-04,169,2
20,2023-50,2023-12-11,194,0
20,2023-51,2023-12-18,207,0
20,2023-52,2023-12-25,203,1
20,2024-01,2024-01-01,222,1
20,2024-02,2024-01-08,202,0
20,2024-03,2024-01-15,210,0
20,2024-04,2024-01-22,210,1
20,2024-05,2024-01-29,211,1
20,2024-06,2024-02-05,211,1
20,2024-07,2024-02-12,245,1
20,2024-08,2024-02-19,200,0
20,2024-09,2024-02-26,221,1
20,2024-10,2024-03-04,183,0
20,2024-11,2024-03-11,192,1
20,2024-12,2024-03-18,169,0
20,2024-13,2024-03-25,178,0
20,2024-14,2024-04-01,166,0
20,2024-15,2024-04-08,155,0
20,2024-16,2024-04-15,160,1
20,2024-17,2024-04-22,175,0
20,2024-18,2024-04-29,131,0
20,2024-19,2024-05-06,138,0
20,2024-20,2024-05-13,136,0
20,2024-21,2024-05-20,132,0
20,2024-22,2024-05-27,125,0
20,2024-23,2024-06-03,99,0
20,2024-24,2024-06-10,119,0
20,2024-25,2024-06-17,128,1
20,2024-26,2024-06-24,134,1
20,2024-27,2024-07-01,109,0
20,2024-28,2024-07-08,122,1
20,2024-29,2024-07-15,125,1
20,2024-30,2024-07-22,99,0
20,2024-31,2024-07-29,125,1
20,2024-32,2024-08-05,122,0
20,2024-33,2024-08-12,153,1
20,2024-34,2024-08-19,106,0
20,2024-35,2024-08-26,118,0
20,2024-36,2024-09-02,143,1
20,2024-37,2024-09-09,137,1
20,2024-38,2024-09-16,137,0
20,2024-39,2024-09-23,118,0
20,2024-40,2024-09-30,142,0
20,2024-41,2024-10-07,160,1
20,2024-42,2024-10-14,148,0
20,2024-43,2024-10-21,177,1
20,2024-44,2024-10-28,154,0
20,2024-45,2024-11-04,195,2
20,2024-46,2024-11-11,204,1
20,2024-47,2024-11-18,192,1
20,2024-48,2024-11-25,196,1
20,2024-49,2024-12-02,192,0
20,2024-50,2024-12-09,191,0
20,2024-51,2024-12-16,195,0
20,2024-52,2024-12-23,205,1
20,2024-53,2024-12-30,59,0
20,2025-00,2025-01-01,147,0
20,2025-01,2025-01-06,235,1
20,2025-02,2025-01-13,228,1
20,2025-03,2025-01-20,203,0
20,2025-04,2025-01-27,208,0
20,2025-05,2025-02-03,209,1
20,2025-06,2025-02-10,210,0
20,2025-07,2025-02-17,204,0
20,2025-08,2025-02-24,222,1
20,2025-09,2025-03-03,192,0
20,2025-10,2025-03-10,199,0
20,2025-11,2025-03-17,191,0
20,2025-12,2025-03-24,207,1
20,2025-13,2025-03-31,219,2
20,2025-14,2025-04-07,185,1
20,2025-15,2025-04-14,178,0
20,2025-16,2025-04-21,174,0
20,2025-17,2025-04-28,160,1
20,2025-18,2025-05-05,151,0
20,2025-19,2025-05-12,141,0
20,2025-20,2025-05-19,146,1
20,2025-21,2025-05-26,125,0
20,2025-22,2025-06-02,142,1
20,2025-23,2025-06-09,135,0
20,2025-24,2025-06-16,136,0
20,2025-25,2025-06-23,118,0
20,2025-26,2025-06-30,120,1
20,2025-27,2025-07-07,112,0
20,2025-28,2025-07-14,135,2
20,2025-29,2025-07-21,119,0
20,2025-30,2025-07-28,123,0
20,2025-31,2025-08-04,118,0
20,2025-32,2025-08-11,121,0
20,2025-33,2025-08-18,104,0
20,2025-34,2025-08-25,97,0
20,2025-35,2025-09-01,126,1
20,2025-36,2025-09-08,125,0
20,2025-37,2025-09-15,143,2
20,2025-38,2025-09-22,143,0
20,2025-39,2025-09-29,153,1
20,2025-40,2025-10-06,137,0
20,2025-41,2025-10-13,176,1
20,2025-42,2025-10-20,170,0
20,2025-43,2025-10-27,201,1
20,2025-44,2025-11-03,190,1
20,2025-45,2025-11-10,219,2
20,2025-46,2025-11-17,196,1
20,2025-47,2025-11-24,218,1
20,2025-48,2025-12-01,197,1
20,2025-49,2025-12-08,195,1
20,2025-50,2025-12-15,235,1
20,2025-51,2025-12-22,254,2
20,2025-52,2025-12-29,98,0
21,2023-00,2023-01-01,31,0
21,2023-01,2023-01-02,223,0
21,2023-02,2023-01-09,251,2
21,2023-03,2023-01-16,196,0
21,2023-04,2023-01-23,221,0
21,2023-05,2023-01-30,219,1
21,2023-06,2023-02-06,193,1
21,2023-07,2023-02-13,217,0
21,2023-08,2023-02-20,217,0
21,2023-09,2023-02-27,218,1
21,2023-10,2023-03-06,210,1
21,2023-11,2023-03-13,200,0
21,2023-12,2023-03-20,190,0
21,2023-13,2023-03-27,206,1
21,2023-14,2023-04-03,168,1
21,2023-15,2023-04-10,188,1
21,2023-16,2023-04-17,184,1
21,2023-17,2023-04-24,158,0
21,2023-18,2023-05-01,130,0
21,2023-19,2023-05-08,158,0
21,2023-20,2023-05-15,151,0
21,2023-21,2023-05-22,165,2
21,2023-22,2023-05-29,167,2
21,2023-23,2023-06-05,131,0
21,2023-24,2023-06-12,137,1
21,2023-25,2023-06-19,137,0
21,2023-26,2023-06-26,112,0
21,2023-27,2023-07-03,113,0
21,2023-28,2023-07-10,135,1
21,2023-29,2023-07-17,89,0
21,2023-30,2023-07-24,96,1
21,2023-31,2023-07-31,108,0
21,2023-32,2023-08-07,122,1
21,2023-33,2023-08-14,130,0
21,2023-34,2023-08-21,120,0
21,2023-35,2023-08-28,112,0
21,2023-36,2023-09-04,142,0
21,2023-37,2023-09-11,121,1
21,2023-38,2023-09-18,130,1
21,2023-39,2023-09-25,143,1
21,2023-40,2023-10-02,159,0
21,2023-41,2023-10-09,132,0
21,2023-42,2023-10-16,156,1
21,2023-43,2023-10-23,181,0
21,2023-44,2023-10-30,175,0
21,2023-45,2023-11-06,173,0
21,2023-46,2023-11-13,178,0
21,2023-47,2023-11-20,201,0
21,2023-48,2023-11-27,220,1
21,2023-49,2023-12-04,219,0
21,2023-50,2023-12-11,214,0
21,2023-51,2023-12-18,241,2
21,2023-52,2023-12-25,219,0
21,2024-01,2024-01-01,203,0
21,2024-02,2024-01-08,212,0
21,2024-03,2024-01-15,221,0
21,2024-04,2024-01-22,230,0
21,2024-05,2024-01-29,184,0
21,2024-06,2024-02-05,227,0
21,2024-07,2024-02-12,223,0
21,2024-08,2024-02-19,248,2
21,2024-09,2024-02-26,268,2
21,2024-10,2024-03-04,237,1
21,2024-11,2024-03-11,197,0
21,2024-12,2024-03-18,233,1
21,2024-13,2024-03-25,189,0
21,2024-14,2024-04-01,202,1
21,2024-15,2024-04-08,197,0
21,2024-16,2024-04-15,201,2
21,2024-17,2024-04-22,174,0
21,2024-18,2024-04-29,178,1
21,2024-19,2024-05-06,178,1
21,2024-20,2024-05-13,168,2
21,2024-21,2024-05-20,172,1
21,2024-22,2024-05-27,151,0
21,2024-23,2024-06-03,170,1
21,2024-24,2024-06-10,141,1
21,2024-25,2024-06-17,147,1
21,2024-26,2024-06-24,133,0
21,2024-27,2024-07-01,123,2
21,2024-28,2024-07-08,113,0
21,2024-29,2024-07-15,103,0
21,2024-30,2024-07-22,125,0
21,2024-31,2024-07-29,130,1
21,2024-32,2024-08-05,128,1
21,2024-33,2024-08-12,128,0
21,2024-34,2024-08-19,151,1
21,2024-35,2024-08-26,147,1
21,2024-36,2024-09-02,139,1
21,2024-37,2024-09-09,130,0
21,2024-38,2024-09-16,155,1
21,2024-39,2024-09-23,172,1
21,2024-40,2024-09-30,177,2
21,2024-41,2024-10-07,160,0
21,2024-42,2024-10-14,217,2
21,2024-43,2024-10-21,166,0
21,2024-44,2024-10-28,185,0
21,2024-45,2024-11-04,195,1
21,2024-46,2024-11-11,187,0
21,2024-47,2024-11-18,219,1
21,2024-48,2024-11-25,235,1
21,2024-49,2024-12-02,212,0
21,2024-50,2024-12-09,237,1
21,2024-51,2024-12-16,236,2
21,2024-52,2024-12-23,222,0
21,2024-53,2024-12-30,56,0
21,2025-00,2025-01-01,169,0
21,2025-01,2025-01-06,228,0
21,2025-02,2025-01-13,248,0
21,2025-03,2025-01-20,238,0
21,2025-04,2025-01-27,239,1
21,2025-05,2025-02-03,207,0
21,2025-06,2025-02-10,276,1
21,2025-07,2025-02-17,273,2
21,2025-08,2025-02-24,242,1
21,2025-09,2025-03-03,221,0
21,2025-10,2025-03-10,229,1
21,2025-11,2025-03-17,242,1
21,2025-12,2025-03-24,227,0
21,2025-13,2025-03-31,241,1
21,2025-14,2025-04-07,211,0
21,2025-15,2025-04-14,179,0
21,2025-16,2025-04-21,189,0
21,2025-17,2025-04-28,190,1
21,2025-18,2025-05-05,163,0
21,2025-19,2025-05-12,185,0
21,2025-20,2025-05-19,163,0
21,2025-21,2025-05-26,177,1
21,2025-22,2025-06-02,163,1
21,2025-23,2025-06-09,159,1
21,2025-24,2025-06-16,145,1
21,2025-25,2025-06-23,144,1
21,2025-26,2025-06-30,123,0
21,2025-27,2025-07-07,152,2
21,2025-28,2025-07-14,134,2
21,2025-29,2025-07-21,133,1
21,2025-30,2025-07-28,114,0
21,2025-31,2025-08-04,136,1
21,2025-32,2025-08-11,133,0
21,2025-33,2025-08-18,129,0
21,2025-34,2025-08-25,146,0
21,2025-35,2025-09-01,143,0
21,2025-36,2025-09-08,152,1
21,2025-37,2025-09-15,140,0
21,2025-38,2025-09-22,154,0
21,2025-39,2025-09-29,158,0
21,2025-40,2025-10-06,205,1
21,2025-41,2025-10-13,195,1
21,2025-42,2025-10-20,206,1
21,2025-43,2025-10-28,190,1
21,2025-44,2025-11-03,199,0
21,2025-45,2025-11-10,211,0
21,2025-46,2025-11-17,259,1
21,2025-47,2025-11-24,227,0
21,2025-48,2025-12-01,227,0
21,2025-49,2025-12-08,228,0
21,2025-50,2025-12-15,252,2
21,2025-51,2025-12-22,245,0
21,2025-52,2025-12-29,102,0
22,2023-00,2023-01-01,14,0
22,2023-01,2023-01-02,88,0
22,2023-02,2023-01-09,91,0
22,2023-03,2023-01-16,98,1
22,2023-04,2023-01-23,104,0
22,2023-05,2023-01-30,103,1
22,2023-06,2023-02-06,89,0
22,2023-07,2023-02-13,94,0
22,2023-08,2023-02-20,98,1
22,2023-09,2023-02-27,93,0
22,2023-10,2023-03-06,90,0
22,2023-11,2023-03-13,104,2
22,2023-12,2023-03-20,81,0
22,2023-13,2023-03-27,88,1
22,2023-14,2023-04-03,89,2
22,2023-15,2023-04-10,81,0
22,2023-16,2023-04-17,88,1
22,2023-17,2023-04-24,65,0
22,2023-18,2023-05-01,64,0
22,2023-19,2023-05-08,76,1
22,2023-20,2023-05-15,64,0
22,2023-21,2023-05-22,64,1
22,2023-22,2023-05-29,55,0
22,2023-23,2023-06-05,58,0
22,2023-24,2023-06-12,54,1
22,2023-25,2023-06-19,53,1
22,2023-26,2023-06-26,55,1
22,2023-27,2023-07-03,58,0
22,2023-28,2023-07-10,49,0
22,2023-29,2023-07-17,54,2
22,2023-30,2023-07-24,52,1
22,2023-31,2023-07-31,45,0
22,2023-32,2023-08-07,42,0
22,2023-33,2023-08-14,53,1
22,2023-34,2023-08-21,46,0
22,2023-35,2023-08-28,54,2
22,2023-36,2023-09-04,58,1
22,2023-37,2023-09-11,55,1
22,2023-38,2023-09-18,60,1
22,2023-39,2023-09-25,60,0
22,2023-40,2023-10-02,67,0
22,2023-41,2023-10-09,77,0
22,2023-42,2023-10-16,80,1
22,2023-43,2023-10-23,72,1
22,2023-44,2023-10-30,76,0
22,2023-45,2023-11-06,81,1
22,2023-46,2023-11-13,85,0
22,2023-47,2023-11-20,92,1
22,2023-48,2023-11-27,86,2
22,2023-49,2023-12-04,77,0
22,2023-50,2023-12-11,91,0
22,2023-51,2023-12-18,82,0
22,2023-52,2023-12-25,90,0
22,2024-01,2024-01-01,108,2
22,2024-02,2024-01-08,96,0
22,2024-03,2024-01-15,104,0
22,2024-04,2024-01-22,101,0
22,2024-05,2024-01-29,104,0
22,2024-06,2024-02-05,105,1
22,2024-07,2024-02-12,109,2
22,2024-08,2024-02-19,111,1
22,2024-09,2024-02-26,101,1
22,2024-10,2024-03-04,98,0
22,2024-11,2024-03-11,95,1
22,2024-12,2024-03-18,88,0
22,2024-13,2024-03-25,83,0
22,2024-14,2024-04-01,85,1
22,2024-15,2024-04-08,97,1
22,2024-16,2024-04-15,82,0
22,2024-17,2024-04-22,80,2
22,2024-18,2024-04-29,86,2
22,2024-19,2024-05-06,71,0
22,2024-20,2024-05-13,64,1
22,2024-21,2024-05-20,66,1
22,2024-22,2024-05-27,59,0
22,2024-23,2024-06-03,55,0
22,2024-24,2024-06-10,59,0
22,2024-25,2024-06-17,52,1
22,2024-26,2024-06-24,62,0
22,2024-27,2024-07-01,54,0
22,2024-28,2024-07-08,54,0
22,2024-29,2024-07-15,49,1
22,2024-30,2024-07-22,52,0
22,2024-31,2024-07-29,52,0
22,2024-32,2024-08-05,57,0
22,2024-33,2024-08-12,53,0
22,2024-34,2024-08-19,53,0
22,2024-35,2024-08-26,51,0
22,2024-36,2024-09-02,55,0
22,2024-37,2024-09-09,60,0
22,2024-38,2024-09-16,67,0
22,2024-39,2024-09-23,65,0
22,2024-40,2024-09-30,68,0
22,2024-41,2024-10-07,76,2
22,2024-42,2024-10-14,68,0
22,2024-43,2024-10-21,76,0
22,2024-44,2024-10-28,87,0
22,2024-45,2024-11-04,82,0
22,2024-46,2024-11-11,87,0
22,2024-47,2024-11-18,90,1
22,2024-48,2024-11-25,91,0
22,2024-49,2024-12-02,101,1
22,2024-50,2024-12-09,105,1
22,2024-51,2024-12-16,99,0
22,2024-52,2024-12-23,97,0
22,2024-53,2024-12-30,29,0
22,2025-00,2025-01-01,67,0
22,2025-01,2025-01-06,101,0
22,2025-02,2025-01-13,112,1
22,2025-03,2025-01-20,108,1
22,2025-04,2025-01-27,97,0
22,2025-05,2025-02-03,109,0
22,2025-06,2025-02-10,109,1
22,2025-07,2025-02-17,115,1
22,2025-08,2025-02-24,108,2
22,2025-09,2025-03-03,102,1
22,2025-10,2025-03-10,94,0
22,2025-11,2025-03-17,97,0
22,2025-12,2025-03-24,93,0
22,2025-13,2025-03-31,91,0
22,2025-14,2025-04-07,95,1
22,2025-15,2025-04-14,90,1
22,2025-16,2025-04-21,81,1
22,2025-17,2025-04-28,80,0
22,2025-18,2025-05-05,74,1
22,2025-19,2025-05-12,73,0
22,2025-20,2025-05-19,79,1
22,2025-21,2025-05-26,64,0
22,2025-22,2025-06-02,65,1
22,2025-23,2025-06-09,73,0
22,2025-24,2025-06-16,61,0
22,2025-25,2025-06-23,68,2
22,2025-26,2025-06-30,64,1
22,2025-27,2025-07-07,58,0
22,2025-28,2025-07-14,60,0
22,2025-29,2025-07-21,58,0
22,2025-30,2025-07-28,47,0
22,2025-31,2025-08-04,61,0
22,2025-32,2025-08-11,68,1
22,2025-33,2025-08-18,49,0
22,2025-34,2025-08-25,65,1
22,2025-35,2025-09-01,62,1
22,2025-36,2025-09-08,66,1
22,2025-37,2025-09-15,78,2
22,2025-38,2025-09-22,75,0
22,2025-39,2025-09-29,93,2
22,2025-40,2025-10-06,80,0
22,2025-41,2025-10-13,79,0
22,2025-42,2025-10-20,80,0
22,2025-43,2025-10-27,81,0
22,2025-44,2025-11-03,87,0
22,2025-45,2025-11-10,90,0
22,2025-46,2025-11-17,106,1
22,2025-47,2025-11-24,115,2
22,2025-48,2025-12-01,97,0
22,2025-49,2025-12-08,103,0
22,2025-50,2025-12-15,107,0
22,2025-51,2025-12-22,110,0
22,2025-52,2025-12-29,47,0
23,2023-00,2023-01-01,17,0
23,2023-01,2023-01-02,106,1
23,2023-02,2023-01-09,119,1
23,2023-03,2023-01-16,119,1
23,2023-04,2023-01-23,119,1
23,2023-05,2023-01-30,114,0
23,2023-06,2023-02-06,110,0
23,2023-07,2023-02-13,117,1
23,2023-08,2023-02-20,109,1
23,2023-09,2023-02-27,107,1
23,2023-10,2023-03-06,100,1
23,2023-11,2023-03-13,111,0
23,2023-12,2023-03-20,114,1
23,2023-13,2023-03-27,89,0
23,2023-14,2023-04-03,91,0
23,2023-15,2023-04-10,87,0
23,2023-16,2023-04-17,88,0
23,2023-17,2023-04-24,75,0
23,2023-18,2023-05-01,82,1
23,2023-19,2023-05-08,67,0
23,2023-20,2023-05-15,82,2
23,2023-21,2023-05-22,74,1
23,2023-22,2023-05-29,85,2
23,2023-23,2023-06-05,71,1
23,2023-24,2023-06-12,54,0
23,2023-25,2023-06-19,62,1
23,2023-26,2023-06-26,62,0
23,2023-27,2023-07-03,56,0
23,2023-28,2023-07-10,57,1
23,2023-29,2023-07-17,51,1
23,2023-30,2023-07-24,60,0
23,2023-31,2023-07-31,50,0
23,2023-32,2023-08-07,61,0
23,2023-33,2023-08-14,57,0
23,2023-34,2023-08-21,49,0
23,2023-35,2023-08-28,52,0
23,2023-36,2023-09-04,59,1
23,2023-37,2023-09-11,62,0
23,2023-38,2023-09-18,75,1
23,2023-39,2023-09-25,67,1
23,2023-40,2023-10-02,76,1
23,2023-41,2023-10-09,77,1
23,2023-42,2023-10-16,85,1
23,2023-43,2023-10-23,86,1
23,2023-44,2023-10-30,86,0
23,2023-45,2023-11-06,85,0
23,2023-46,2023-11-13,96,0
23,2023-47,2023-11-20,99,0
23,2023-48,2023-11-27,94,0
23,2023-49,2023-12-04,107,1
23,2023-50,2023-12-11,101,0
23,2023-51,2023-12-18,108,1
23,2023-52,2023-12-25,114,1
23,2024-01,2024-01-01,115,1
23,2024-02,2024-01-08,104,0
23,2024-03,2024-01-15,124,0
23,2024-04,2024-01-22,121,1
23,2024-05,2024-01-29,120,1
23,2024-06,2024-02-05,102,0
23,2024-07,2024-02-12,114,0
23,2024-08,2024-02-19,131,2
23,2024-09,2024-02-26,114,1
23,2024-10,2024-03-04,106,0
23,2024-11,2024-03-11,108,0
23,2024-12,2024-03-18,112,1
23,2024-13,2024-03-25,109,1
23,2024-14,2024-04-01,98,1
23,2024-15,2024-04-08,116,2
23,2024-16,2024-04-15,91,0
23,2024-17,2024-04-22,100,3
23,2024-18,2024-04-29,86,0
23,2024-19,2024-05-06,91,1
23,2024-20,2024-05-13,77,0
23,2024-21,2024-05-20,76,1
23,2024-22,2024-05-27,75,0
23,2024-23,2024-06-03,77,1
23,2024-24,2024-06-10,79,2
23,2024-25,2024-06-17,78,2
23,2024-26,2024-06-24,67,0
23,2024-27,2024-07-01,45,0
23,2024-28,2024-07-08,71,1
23,2024-29,2024-07-15,66,1
23,2024-30,2024-07-22,59,1
23,2024-31,2024-07-29,62,1
23,2024-32,2024-08-05,57,1
23,2024-33,2024-08-12,74,2
23,2024-34,2024-08-19,73,1
23,2024-35,2024-08-26,61,0
23,2024-36,2024-09-02,85,3
23,2024-37,2024-09-09,69,0
23,2024-38,2024-09-16,66,0
23,2024-39,2024-09-23,88,1
23,2024-40,2024-09-30,78,0
23,2024-41,2024-10-07,81,0
23,2024-42,2024-10-14,83,0
23,2024-43,2024-10-21,100,1
23,2024-44,2024-10-28,86,0
23,2024-45,2024-11-04,105,2
23,2024-46,2024-11-11,111,1
23,2024-47,2024-11-18,105,0
23,2024-48,2024-11-25,106,0
23,2024-49,2024-12-02,124,2
23,2024-50,2024-12-09,99,0
23,2024-51,2024-12-16,125,1
23,2024-52,2024-12-23,126,1
23,2024-53,2024-12-30,34,0
23,2025-00,2025-01-01,77,0
23,2025-01,2025-01-06,104,0
23,2025-02,2025-01-13,122,0
23,2025-03,2025-01-20,119,0
23,2025-04,2025-01-27,145,3
23,2025-05,2025-02-03,123,0
23,2025-06,2025-02-10,117,0
23,2025-07,2025-02-17,118,0
23,2025-08,2025-02-24,125,1
23,2025-09,2025-03-03,115,0
23,2025-10,2025-03-10,116,1
23,2025-11,2025-03-17,111,0
23,2025-12,2025-03-24,116,1
23,2025-13,2025-03-31,114,2
23,2025-14,2025-04-07,110,1
23,2025-15,2025-04-14,95,0
23,2025-16,2025-04-21,90,0
23,2025-17,2025-04-28,98,1
23,2025-18,2025-05-05,82,0
23,2025-19,2025-05-12,106,1
23,2025-20,2025-05-19,81,0
23,2025-21,2025-05-26,85,1
23,2025-22,2025-06-02,77,0
23,2025-23,2025-06-09,77,0
23,2025-24,2025-06-16,68,0
23,2025-25,2025-06-23,69,0
23,2025-26,2025-06-30,77,0
23,2025-27,2025-07-07,70,0
23,2025-28,2025-07-14,64,0
23,2025-29,2025-07-21,69,1
23,2025-30,2025-07-28,67,1
23,2025-31,2025-08-04,73,1
23,2025-32,2025-08-11,63,0
23,2025-33,2025-08-18,72,0
23,2025-34,2025-08-25,66,1
23,2025-35,2025-09-01,73,1
23,2025-36,2025-09-08,77,0
23,2025-37,2025-09-15,73,0
23,2025-38,2025-09-22,80,1
23,2025-39,2025-09-29,81,0
23,2025-40,2025-10-06,87,1
23,2025-41,2025-10-13,109,2
23,2025-42,2025-10-20,108,2
23,2025-43,2025-10-27,92,0
23,2025-44,2025-11-03,104,1
23,2025-45,2025-11-10,96,0
23,2025-46,2025-11-17,113,1
23,2025-47,2025-11-24,108,0
23,2025-48,2025-12-01,122,1
23,2025-49,2025-12-08,133,1
23,2025-50,2025-12-15,123,1
23,2025-51,2025-12-22,136,2
23,2025-52,2025-12-29,48,0
24,2023-00,2023-01-01,27,0
24,2023-01,2023-01-02,210,0
24,2023-02,2023-01-09,222,1
24,2023-03,2023-01-16,255,1
24,2023-04,2023-01-23,204,0
24,2023-05,2023-01-30,241,1
24,2023-06,2023-02-06,227,1
24,2023-07,2023-02-13,202,0
24,2023-08,2023-02-20,200,0
24,2023-09,2023-02-27,210,1
24,2023-10,2023-03-06,192,0
24,2023-11,2023-03-13,204,1
24,2023-12,2023-03-20,210,2
24,2023-13,2023-03-27,180,0
24,2023-14,2023-04-03,179,0
24,2023-15,2023-04-10,177,0
24,2023-16,2023-04-17,161,0
24,2023-17,2023-04-24,137,0
24,2023-18,2023-05-02,135,0
24,2023-19,2023-05-08,159,0
24,2023-20,2023-05-15,141,0
24,2023-21,2023-05-22,138,1
24,2023-22,2023-05-29,151,1
24,2023-23,2023-06-05,133,1
24,2023-24,2023-06-12,115,0
24,2023-25,2023-06-19,109,0
24,2023-26,2023-06-26,110,0
24,2023-27,2023-07-03,100,0
24,2023-28,2023-07-10,121,1
24,2023-29,2023-07-17,103,0
24,2023-30,2023-07-24,113,0
24,2023-31,2023-07-31,132,1
24,2023-32,2023-08-07,95,1
24,2023-33,2023-08-14,135,3
24,2023-34,2023-08-21,145,2
24,2023-35,2023-08-28,112,1
24,2023-36,2023-09-04,134,0
24,2023-37,2023-09-11,139,1
24,2023-38,2023-09-18,140,0
24,2023-39,2023-09-25,136,0
24,2023-40,2023-10-02,180,1
24,2023-41,2023-10-09,139,1
24,2023-42,2023-10-16,148,0
24,2023-43,2023-10-23,191,1
24,2023-44,2023-10-30,154,1
24,2023-45,2023-11-06,183,0
24,2023-46,2023-11-13,179,0
24,2023-47,2023-11-20,202,0
24,2023-48,2023-11-27,190,0
24,2023-49,2023-12-04,208,0
24,2023-50,2023-12-11,261,2
24,2023-51,2023-12-18,220,0
24,2023-52,2023-12-25,240,1
24,2024-01,2024-01-01,213,0
24,2024-02,2024-01-08,250,1
24,2024-03,2024-01-15,216,0
24,2024-04,2024-01-22,223,0
24,2024-05,2024-01-29,230,1
24,2024-06,2024-02-05,251,1
24,2024-07,2024-02-12,252,1
24,2024-08,2024-02-19,204,0
24,2024-09,2024-02-26,238,1
24,2024-10,2024-03-04,205,0
24,2024-11,2024-03-11,232,1
24,2024-12,2024-03-18,197,0
24,2024-13,2024-03-25,198,0
24,2024-14,2024-04-01,201,0
24,2024-15,2024-04-08,150,0
24,2024-16,2024-04-15,188,0
24,2024-17,2024-04-22,190,0
24,2024-18,2024-04-29,164,0
24,2024-19,2024-05-06,156,0
24,2024-20,2024-05-13,157,1
24,2024-21,2024-05-20,161,0
24,2024-22,2024-05-27,152,0
24,2024-23,2024-06-03,133,1
24,2024-24,2024-06-10,132,0
24,2024-25,2024-06-17,119,1
24,2024-26,2024-06-24,142,2
24,2024-27,2024-07-01,125,0
24,2024-28,2024-07-08,138,0
24,2024-29,2024-07-15,118,0
24,2024-30,2024-07-22,129,1
24,2024-31,2024-07-29,121,0
24,2024-32,2024-08-05,139,1
24,2024-33,2024-08-12,126,2
24,2024-34,2024-08-19,137,0
24,2024-35,2024-08-26,117,0
24,2024-36,2024-09-02,149,1
24,2024-37,2024-09-09,126,0
24,2024-38,2024-09-16,138,0
24,2024-39,2024-09-23,158,0
24,2024-40,2024-09-30,154,0
24,2024-41,2024-10-07,172,1
24,2024-42,2024-10-14,194,2
24,2024-43,2024-10-21,143,0
24,2024-44,2024-10-28,183,0
24,2024-45,2024-11-04,195,1
24,2024-46,2024-11-11,204,0
24,2024-47,2024-11-18,237,2
24,2024-48,2024-11-25,227,2
24,2024-49,2024-12-02,211,0
24,2024-50,2024-12-09,231,1
24,2024-51,2024-12-16,229,0
24,2024-52,2024-12-23,252,1
24,2024-53,2024-12-30,72,0
24,2025-00,2025-01-01,173,1
24,2025-01,2025-01-06,225,0
24,2025-02,2025-01-13,260,1
24,2025-03,2025-01-20,246,0
24,2025-04,2025-01-27,236,0
24,2025-05,2025-02-03,257,1
24,2025-06,2025-02-10,245,0
24,2025-07,2025-02-17,255,1
24,2025-08,2025-02-24,262,1
24,2025-09,2025-03-03,207,0
24,2025-10,2025-03-10,232,0
24,2025-11,2025-03-17,230,1
24,2025-12,2025-03-24,214,0
24,2025-13,2025-03-31,199,0
24,2025-14,2025-04-07,229,1
24,2025-15,2025-04-14,224,2
24,2025-16,2025-04-21,207,1
24,2025-17,2025-04-28,168,0
24,2025-18,2025-05-05,192,1
24,2025-19,2025-05-12,162,1
24,2025-20,2025-05-19,165,0
24,2025-21,2025-05-26,161,1
24,2025-22,2025-06-02,161,0
24,2025-23,2025-06-09,146,0
24,2025-24,2025-06-16,132,0
24,2025-25,2025-06-23,139,1
24,2025-26,2025-06-30,115,0
24,2025-27,2025-07-07,154,1
24,2025-28,2025-07-14,121,0
24,2025-29,2025-07-21,135,0
24,2025-30,2025-07-28,145,1
24,2025-31,2025-08-04,143,1
24,2025-32,2025-08-11,157,1
24,2025-33,2025-08-18,146,0
24,2025-34,2025-08-25,148,1
24,2025-35,2025-09-01,163,1
24,2025-36,2025-09-08,149,0
24,2025-37,2025-09-15,132,1
24,2025-38,2025-09-22,152,0
24,2025-39,2025-09-29,170,2
24,2025-40,2025-10-06,187,1
24,2025-41,2025-10-13,183,0
24,2025-42,2025-10-20,191,1
24,2025-43,2025-10-27,238,2
24,2025-44,2025-11-03,231,2
24,2025-45,2025-11-10,190,0
24,2025-46,2025-11-17,232,1
24,2025-47,2025-11-24,228,0
24,2025-48,2025-12-01,238,1
24,2025-49,2025-12-08,250,1
24,2025-50,2025-12-15,276,1
24,2025-51,2025-12-22,248,0
24,2025-52,2025-12-29,122,1
25,2023-00,2023-01-01,4,0
25,2023-01,2023-01-02,26,0
25,2023-02,2023-01-09,30,0
25,2023-03,2023-01-16,27,0
25,2023-04,2023-01-23,34,1
25,2023-05,2023-01-30,28,0
25,2023-06,2023-02-06,31,0
25,2023-07,2023-02-13,26,0
25,2023-08,2023-02-20,29,0
25,2023-09,2023-02-27,27,0
25,2023-10,2023-03-06,27,0
25,2023-11,2023-03-13,26,1
25,2023-12,2023-03-20,28,0
25,2023-13,2023-03-27,28,1
25,2023-14,2023-04-03,26,1
25,2023-15,2023-04-10,23,1
25,2023-16,2023-04-17,23,1
25,2023-17,2023-04-24,21,0
25,2023-18,2023-05-01,21,0
25,2023-19,2023-05-08,23,3
25,2023-20,2023-05-15,21,1
25,2023-21,2023-05-22,24,2
25,2023-22,2023-05-30,16,0
25,2023-23,2023-06-05,19,0
25,2023-24,2023-06-12,14,0
25,2023-25,2023-06-19,16,0
25,2023-26,2023-06-26,17,0
25,2023-27,2023-07-03,15,1
25,2023-28,2023-07-10,14,1
25,2023-29,2023-07-17,15,0
25,2023-30,2023-07-24,14,0
25,2023-31,2023-07-31,15,0
25,2023-32,2023-08-07,13,1
25,2023-33,2023-08-14,16,1
25,2023-34,2023-08-21,22,0
25,2023-35,2023-08-28,16,0
25,2023-36,2023-09-04,17,0
25,2023-37,2023-09-11,19,0
25,2023-38,2023-09-18,19,0
25,2023-39,2023-09-25,20,1
25,2023-40,2023-10-02,19,0
25,2023-41,2023-10-09,21,0
25,2023-42,2023-10-16,19,0
25,2023-43,2023-10-23,23,0
25,2023-44,2023-10-30,24,1
25,2023-45,2023-11-06,26,1
25,2023-46,2023-11-13,29,1
25,2023-47,2023-11-20,27,1
25,2023-48,2023-11-27,30,1
25,2023-49,2023-12-04,27,0
25,2023-50,2023-12-11,27,0
25,2023-51,2023-12-18,24,0
25,2023-52,2023-12-25,29,1
25,2024-01,2024-01-01,28,0
25,2024-02,2024-01-08,28,0
25,2024-03,2024-01-15,29,0
25,2024-04,2024-01-22,31,1
25,2024-05,2024-01-29,31,0
25,2024-06,2024-02-05,33,1
25,2024-07,2024-02-12,32,1
25,2024-08,2024-02-19,34,1
25,2024-09,2024-02-26,33,2
25,2024-10,2024-03-04,31,1
25,2024-11,2024-03-11,26,0
25,2024-12,2024-03-18,28,0
25,2024-13,2024-03-25,29,1
25,2024-14,2024-04-01,30,1
25,2024-15,2024-04-08,25,1
25,2024-16,2024-04-15,24,0
25,2024-17,2024-04-22,22,0
25,2024-18,2024-04-29,21,2
25,2024-19,2024-05-06,22,1
25,2024-20,2024-05-13,20,0
25,2024-21,2024-05-20,20,1
25,2024-22,2024-05-27,18,0
25,2024-23,2024-06-03,21,0
25,2024-24,2024-06-10,21,2
25,2024-25,2024-06-17,17,0
25,2024-26,2024-06-24,16,0
25,2024-27,2024-07-01,14,0
25,2024-28,2024-07-08,17,0
25,2024-29,2024-07-15,14,1
25,2024-30,2024-07-22,16,1
25,2024-31,2024-07-29,20,0
25,2024-32,2024-08-05,18,1
25,2024-33,2024-08-12,15,0
25,2024-34,2024-08-19,20,0
25,2024-35,2024-08-26,18,0
25,2024-36,2024-09-02,20,0
25,2024-37,2024-09-09,20,0
25,2024-38,2024-09-16,17,0
25,2024-39,2024-09-23,20,0
25,2024-40,2024-09-30,21,1
25,2024-41,2024-10-07,18,1
25,2024-42,2024-10-14,23,1
25,2024-43,2024-10-21,28,2
25,2024-44,2024-10-28,23,0
25,2024-45,2024-11-04,25,0
25,2024-46,2024-11-11,25,0
25,2024-47,2024-11-18,26,0
25,2024-48,2024-11-25,26,0
25,2024-49,2024-12-02,27,0
25,2024-50,2024-12-09,29,1
25,2024-51,2024-12-16,33,1
25,2024-52,2024-12-23,31,1
25,2024-53,2024-12-30,10,0
25,2025-00,2025-01-01,22,0
25,2025-01,2025-01-06,30,0
25,2025-02,2025-01-13,33,0
25,2025-03,2025-01-20,35,1
25,2025-04,2025-01-27,34,1
25,2025-05,2025-02-03,31,0
25,2025-06,2025-02-10,33,0
25,2025-07,2025-02-17,35,2
25,2025-08,2025-02-24,29,0
25,2025-09,2025-03-03,30,0
25,2025-10,2025-03-10,30,0
25,2025-11,2025-03-17,34,1
25,2025-12,2025-03-24,27,0
25,2025-13,2025-03-31,28,0
25,2025-14,2025-04-07,30,1
25,2025-15,2025-04-14,26,0
25,2025-16,2025-04-21,25,0
25,2025-17,2025-04-28,25,0
25,2025-18,2025-05-05,25,0
25,2025-19,2025-05-12,25,0
25,2025-20,2025-05-19,25,2
25,2025-21,2025-05-26,22,0
25,2025-22,2025-06-02,19,0
25,2025-23,2025-06-09,23,2
25,2025-24,2025-06-16,20,0
25,2025-25,2025-06-23,20,3
25,2025-26,2025-06-30,16,0
25,2025-27,2025-07-07,16,1
25,2025-28,2025-07-14,16,0
25,2025-29,2025-07-21,19,0
25,2025-30,2025-07-28,20,1
25,2025-31,2025-08-04,21,1
25,2025-32,2025-08-11,19,2
25,2025-33,2025-08-18,20,1
25,2025-34,2025-08-25,21,2
25,2025-35,2025-09-01,18,0
25,2025-36,2025-09-08,20,1
25,2025-37,2025-09-16,17,0
25,2025-38,2025-09-22,25,1
25,2025-39,2025-09-29,24,0
25,2025-40,2025-10-06,24,0
25,2025-41,2025-10-13,21,0
25,2025-42,2025-10-20,25,0
25,2025-43,2025-10-27,27,2
25,2025-44,2025-11-03,30,1
25,2025-45,2025-11-10,33,1
25,2025-46,2025-11-17,30,1
25,2025-47,2025-11-24,28,0
25,2025-48,2025-12-01,31,0
25,2025-49,2025-12-08,30,0
25,2025-50,2025-12-15,37,1
25,2025-51,2025-12-22,33,0
25,2025-52,2025-12-29,14,0
26,2023-00,2023-01-01,14,1
26,2023-01,2023-01-02,62,0
26,2023-02,2023-01-09,67,0
26,2023-03,2023-01-16,72,1
26,2023-04,2023-01-23,66,0
26,2023-05,2023-01-30,68,0
26,2023-06,2023-02-06,74,1
26,2023-07,2023-02-13,68,0
26,2023-08,2023-02-20,66,0
26,2023-09,2023-02-27,75,1
26,2023-10,2023-03-06,70,0
26,2023-11,2023-03-13,69,1
26,2023-12,2023-03-20,61,0
26,2023-13,2023-03-27,69,1
26,2023-14,2023-04-03,68,1
26,2023-15,2023-04-10,62,1
26,2023-16,2023-04-17,58,0
26,2023-17,2023-04-24,53,0
26,2023-18,2023-05-01,60,1
26,2023-19,2023-05-08,46,1
26,2023-20,2023-05-15,54,1
26,2023-21,2023-05-22,45,0
26,2023-22,2023-05-29,46,0
26,2023-23,2023-06-05,36,0
26,2023-24,2023-06-12,39,0
26,2023-25,2023-06-19,46,1
26,2023-26,2023-06-26,36,0
26,2023-27,2023-07-03,46,1
26,2023-28,2023-07-10,41,0
26,2023-29,2023-07-17,34,0
26,2023-30,2023-07-24,40,0
26,2023-31,2023-07-31,41,0
26,2023-32,2023-08-07,38,0
26,2023-33,2023-08-14,36,2
26,2023-34,2023-08-21,42,1
26,2023-35,2023-08-28,37,1
26,2023-36,2023-09-04,41,1
26,2023-37,2023-09-11,40,0
26,2023-38,2023-09-18,44,0
26,2023-39,2023-09-25,40,0
26,2023-40,2023-10-02,45,0
26,2023-41,2023-10-09,50,1
26,2023-42,2023-10-16,47,0
26,2023-43,2023-10-23,59,2
26,2023-44,2023-10-30,55,1
26,2023-45,2023-11-06,59,0
26,2023-46,2023-11-13,66,1
26,2023-47,2023-11-20,63,1
26,2023-48,2023-11-27,68,1
26,2023-49,2023-12-04,66,0
26,2023-50,2023-12-11,66,0
26,2023-51,2023-12-18,65,0
26,2023-52,2023-12-25,78,1
26,2024-01,2024-01-01,72,0
26,2024-02,2024-01-08,72,0
26,2024-03,2024-01-15,72,1
26,2024-04,2024-01-22,75,0
26,2024-05,2024-01-29,73,0
26,2024-06,2024-02-05,67,1
26,2024-07,2024-02-12,70,0
26,2024-08,2024-02-19,69,0
26,2024-09,2024-02-26,71,0
26,2024-10,2024-03-04,69,0
26,2024-11,2024-03-11,67,0
26,2024-12,2024-03-18,71,1
26,2024-13,2024-03-25,63,0
26,2024-14,2024-04-01,63,0
26,2024-15,2024-04-08,57,0
26,2024-16,2024-04-15,61,1
26,2024-17,2024-04-22,55,1
26,2024-18,2024-04-29,66,1
26,2024-19,2024-05-06,61,1
26,2024-20,2024-05-13,52,1
26,2024-21,2024-05-20,45,0
26,2024-22,2024-05-27,48,0
26,2024-23,2024-06-03,46,0
26,2024-24,2024-06-10,48,0
26,2024-25,2024-06-17,38,0
26,2024-26,2024-06-24,38,0
26,2024-27,2024-07-01,45,1
26,2024-28,2024-07-08,39,0
26,2024-29,2024-07-15,44,0
26,2024-30,2024-07-22,43,1
26,2024-31,2024-07-29,39,2
26,2024-32,2024-08-05,41,0
26,2024-33,2024-08-12,43,1
26,2024-34,2024-08-19,45,0
26,2024-35,2024-08-26,39,0
26,2024-36,2024-09-02,44,1
26,2024-37,2024-09-09,45,0
26,2024-38,2024-09-16,49,1
26,2024-39,2024-09-23,53,1
26,2024-40,2024-09-30,54,1
26,2024-41,2024-10-07,55,1
26,2024-42,2024-10-14,55,0
26,2024-43,2024-10-21,58,0
26,2024-44,2024-10-28,60,0
26,2024-45,2024-11-04,57,1
26,2024-46,2024-11-11,67,0
26,2024-47,2024-11-18,65,0
26,2024-48,2024-11-25,76,1
26,2024-49,2024-12-02,66,0
26,2024-50,2024-12-09,69,0
26,2024-51,2024-12-16,72,0
26,2024-52,2024-12-23,77,1
26,2024-53,2024-12-30,18,0
26,2025-00,2025-01-01,51,0
26,2025-01,2025-01-06,80,1
26,2025-02,2025-01-13,85,2
26,2025-03,2025-01-20,78,1
26,2025-04,2025-01-27,85,2
26,2025-05,2025-02-03,79,0
26,2025-06,2025-02-10,77,0
26,2025-07,2025-02-17,73,0
26,2025-08,2025-02-24,75,0
26,2025-09,2025-03-03,70,0
26,2025-10,2025-03-10,69,0
26,2025-11,2025-03-17,67,0
26,2025-12,2025-03-24,63,0
26,2025-13,2025-03-31,79,3
26,2025-14,2025-04-07,73,2
26,2025-15,2025-04-14,62,0
26,2025-16,2025-04-21,68,1
26,2025-17,2025-04-28,57,1
26,2025-18,2025-05-05,54,0
26,2025-19,2025-05-12,47,0
26,2025-20,2025-05-19,62,2
26,2025-21,2025-05-26,55,0
26,2025-22,2025-06-02,47,0
26,2025-23,2025-06-09,45,1
26,2025-24,2025-06-16,48,0
26,2025-25,2025-06-23,46,0
26,2025-26,2025-06-30,38,0
26,2025-27,2025-07-07,44,1
26,2025-28,2025-07-14,56,3
26,2025-29,2025-07-21,43,1
26,2025-30,2025-07-28,39,0
26,2025-31,2025-08-04,41,0
26,2025-32,2025-08-11,43,1
26,2025-33,2025-08-18,40,1
26,2025-34,2025-08-25,46,1
26,2025-35,2025-09-01,45,1
26,2025-36,2025-09-09,41,1
26,2025-37,2025-09-15,56,1
26,2025-38,2025-09-22,52,1
26,2025-39,2025-09-29,57,1
26,2025-40,2025-10-06,51,0
26,2025-41,2025-10-13,61,0
26,2025-42,2025-10-20,62,1
26,2025-43,2025-10-27,59,0
26,2025-44,2025-11-03,62,0
26,2025-45,2025-11-10,61,0
26,2025-46,2025-11-17,70,1
26,2025-47,2025-11-24,73,1
26,2025-48,2025-12-01,73,0
26,2025-49,2025-12-08,73,0
26,2025-50,2025-12-15,76,0
26,2025-51,2025-12-22,77,1
26,2025-52,2025-12-29,32,0
27,2023-00,2023-01-01,4,0
27,2023-01,2023-01-02,36,2
27,2023-02,2023-01-09,36,0
27,2023-03,2023-01-16,40,2
27,2023-04,2023-01-23,42,1
27,2023-05,2023-01-30,36,0
27,2023-06,2023-02-06,37,1
27,2023-07,2023-02-13,33,0
27,2023-08,2023-02-20,41,2
27,2023-09,2023-02-27,36,0
27,2023-10,2023-03-06,32,0
27,2023-11,2023-03-13,35,1
27,2023-12,2023-03-20,33,0
27,2023-13,2023-03-27,35,1
27,2023-14,2023-04-03,31,0
27,2023-15,2023-04-10,35,1
27,2023-16,2023-04-17,27,0
27,2023-17,2023-04-24,27,0
27,2023-18,2023-05-01,25,0
27,2023-19,2023-05-08,25,1
27,2023-20,2023-05-15,22,0
27,2023-21,2023-05-22,23,1
27,2023-22,2023-05-29,20,0
27,2023-23,2023-06-05,23,1
27,2023-24,2023-06-12,22,0
27,2023-25,2023-06-19,17,1
27,2023-26,2023-06-26,21,0
27,2023-27,2023-07-03,21,0
27,2023-28,2023-07-10,18,0
27,2023-29,2023-07-17,15,0
27,2023-30,2023-07-24,20,0
27,2023-31,2023-07-31,19,0
27,2023-32,2023-08-07,24,2
27,2023-33,2023-08-14,19,0
27,2023-34,2023-08-21,22,0
27,2023-35,2023-08-28,21,1
27,2023-36,2023-09-04,20,0
27,2023-37,2023-09-11,22,0
27,2023-38,2023-09-18,24,0
27,2023-39,2023-09-25,25,1
27,2023-40,2023-10-02,24,2
27,2023-41,2023-10-09,25,1
27,2023-42,2023-10-16,28,2
27,2023-43,2023-10-23,31,1
27,2023-44,2023-10-30,34,1
27,2023-45,2023-11-06,37,1
27,2023-46,2023-11-13,30,1
27,2023-47,2023-11-20,30,2
27,2023-48,2023-11-27,38,1
27,2023-49,2023-12-04,39,2
27,2023-50,2023-12-11,39,1
27,2023-51,2023-12-18,41,1
27,2023-52,2023-12-25,36,0
27,2024-01,2024-01-01,40,0
27,2024-02,2024-01-08,38,1
27,2024-03,2024-01-15,40,1
27,2024-04,2024-01-22,35,0
27,2024-05,2024-01-29,37,0
27,2024-06,2024-02-05,38,1
27,2024-07,2024-02-12,39,1
27,2024-08,2024-02-19,40,1
27,2024-09,2024-02-26,36,0
27,2024-10,2024-03-04,37,0
27,2024-11,2024-03-11,37,1
27,2024-12,2024-03-18,34,0
27,2024-13,2024-03-25,36,1
27,2024-14,2024-04-01,31,0
27,2024-15,2024-04-08,32,0
27,2024-16,2024-04-15,31,0
27,2024-17,2024-04-22,29,0
27,2024-18,2024-04-29,22,0
27,2024-19,2024-05-06,28,0
27,2024-20,2024-05-13,26,0
27,2024-21,2024-05-20,24,1
27,2024-22,2024-05-27,26,0
27,2024-23,2024-06-03,23,1
27,2024-24,2024-06-10,22,0
27,2024-25,2024-06-17,22,1
27,2024-26,2024-06-24,20,0
27,2024-27,2024-07-01,22,1
27,2024-28,2024-07-08,21,1
27,2024-29,2024-07-15,22,2
27,2024-30,2024-07-22,22,1
27,2024-31,2024-07-29,16,1
27,2024-32,2024-08-05,20,0
27,2024-33,2024-08-12,23,2
27,2024-34,2024-08-19,22,1
27,2024-35,2024-08-26,22,0
27,2024-36,2024-09-02,20,0
27,2024-37,2024-09-09,22,0
27,2024-38,2024-09-16,24,0
27,2024-39,2024-09-23,24,0
27,2024-40,2024-09-30,26,1
27,2024-41,2024-10-07,29,0
27,2024-42,2024-10-14,27,0
27,2024-43,2024-10-21,31,1
27,2024-44,2024-10-28,32,0
27,2024-45,2024-11-04,32,0
27,2024-46,2024-11-11,38,2
27,2024-47,2024-11-18,31,0
27,2024-48,2024-11-25,34,0
27,2024-49,2024-12-02,34,0
27,2024-50,2024-12-09,41,2
27,2024-51,2024-12-16,34,0
27,2024-52,2024-12-23,39,1
27,2024-53,2024-12-30,11,0
27,2025-00,2025-01-01,24,0
27,2025-01,2025-01-06,35,1
27,2025-02,2025-01-13,47,2
27,2025-03,2025-01-20,40,0
27,2025-04,2025-01-27,39,0
27,2025-05,2025-02-03,43,2
27,2025-06,2025-02-10,35,0
27,2025-07,2025-02-17,41,1
27,2025-08,2025-02-24,45,1
27,2025-09,2025-03-03,37,0
27,2025-10,2025-03-10,39,1
27,2025-11,2025-03-17,36,0
27,2025-12,2025-03-24,34,0
27,2025-13,2025-03-31,36,2
27,2025-14,2025-04-08,30,0
27,2025-15,2025-04-15,27,0
27,2025-16,2025-04-21,31,0
27,2025-17,2025-04-28,29,0
27,2025-18,2025-05-05,31,1
27,2025-19,2025-05-12,29,1
27,2025-20,2025-05-19,32,3
27,2025-21,2025-05-26,28,1
27,2025-22,2025-06-02,25,1
27,2025-23,2025-06-09,26,1
27,2025-24,2025-06-16,26,0
27,2025-25,2025-06-23,26,0
27,2025-26,2025-06-30,24,1
27,2025-27,2025-07-07,22,1
27,2025-28,2025-07-14,23,2
27,2025-29,2025-07-21,20,0
27,2025-30,2025-07-28,21,0
27,2025-31,2025-08-04,21,0
27,2025-32,2025-08-11,21,0
27,2025-33,2025-08-18,27,1
27,2025-34,2025-08-25,22,1
27,2025-35,2025-09-01,23,0
27,2025-36,2025-09-08,28,1
27,2025-37,2025-09-15,27,1
27,2025-38,2025-09-22,26,0
27,2025-39,2025-09-29,25,0
27,2025-40,2025-10-06,28,0
27,2025-41,2025-10-13,29,1
27,2025-42,2025-10-20,35,1
27,2025-43,2025-10-27,35,1
27,2025-44,2025-11-03,37,1
27,2025-45,2025-11-10,34,1
27,2025-46,2025-11-17,39,1
27,2025-47,2025-11-24,36,0
27,2025-48,2025-12-01,40,1
27,2025-49,2025-12-08,39,0
27,2025-50,2025-12-15,39,1
27,2025-51,2025-12-22,36,1
27,2025-52,2025-12-29,16,0
28,2023-00,2023-01-01,19,1
28,2023-01,2023-01-02,89,1
28,2023-02,2023-01-09,79,0
28,2023-03,2023-01-16,87,0
28,2023-04,2023-01-23,81,0
28,2023-05,2023-01-30,80,0
28,2023-06,2023-02-06,87,0
28,2023-07,2023-02-13,86,0
28,2023-08,2023-02-20,95,1
28,2023-09,2023-02-27,89,2
28,2023-10,2023-03-06,76,0
28,2023-11,2023-03-13,89,0
28,2023-12,2023-03-20,74,0
28,2023-13,2023-03-27,83,1
28,2023-14,2023-04-03,83,1
28,2023-15,2023-04-10,64,0
28,2023-16,2023-04-17,77,2
28,2023-17,2023-04-24,71,1
28,2023-18,2023-05-01,65,0
28,2023-19,2023-05-08,68,1
28,2023-20,2023-05-15,60,1
28,2023-21,2023-05-22,57,0
28,2023-22,2023-05-29,52,0
28,2023-23,2023-06-05,53,0
28,2023-24,2023-06-12,56,0
28,2023-25,2023-06-19,46,0
28,2023-26,2023-06-26,50,2
28,2023-27,2023-07-03,52,1
28,2023-28,2023-07-10,47,1
28,2023-29,2023-07-17,40,0
28,2023-30,2023-07-24,37,1
28,2023-31,2023-07-31,47,2
28,2023-32,2023-08-07,44,0
28,2023-33,2023-08-14,43,0
28,2023-34,2023-08-21,51,2
28,2023-35,2023-08-28,48,2
28,2023-36,2023-09-04,50,1
28,2023-37,2023-09-11,51,1
28,2023-38,2023-09-18,71,3
28,2023-39,2023-09-25,53,0
28,2023-40,2023-10-02,62,1
28,2023-41,2023-10-09,69,1
28,2023-42,2023-10-16,68,1
28,2023-43,2023-10-23,60,0
28,2023-44,2023-10-30,70,0
28,2023-45,2023-11-06,77,0
28,2023-46,2023-11-13,73,0
28,2023-47,2023-11-20,90,3
28,2023-48,2023-11-27,97,2
28,2023-49,2023-12-04,88,1
28,2023-50,2023-12-11,79,0
28,2023-51,2023-12-18,107,3
28,2023-52,2023-12-25,82,0
28,2024-01,2024-01-01,92,0
28,2024-02,2024-01-08,97,1
28,2024-03,2024-01-15,95,2
28,2024-04,2024-01-22,87,0
28,2024-05,2024-01-29,100,1
28,2024-06,2024-02-05,90,2
28,2024-07,2024-02-12,97,1
28,2024-08,2024-02-19,86,0
28,2024-09,2024-02-26,89,1
28,2024-10,2024-03-04,104,3
28,2024-11,2024-03-11,84,0
28,2024-12,2024-03-18,83,0
28,2024-13,2024-03-25,75,0
28,2024-14,2024-04-01,76,0
28,2024-15,2024-04-08,81,1
28,2024-16,2024-04-15,79,2
28,2024-17,2024-04-22,75,1
28,2024-18,2024-04-29,68,0
28,2024-19,2024-05-06,65,1
28,2024-20,2024-05-13,68,0
28,2024-21,2024-05-20,62,1
28,2024-22,2024-05-27,52,1
28,2024-23,2024-06-03,54,1
28,2024-24,2024-06-10,56,1
28,2024-25,2024-06-17,58,1
28,2024-26,2024-06-24,50,0
28,2024-27,2024-07-01,54,1
28,2024-28,2024-07-08,49,1
28,2024-29,2024-07-15,50,0
28,2024-30,2024-07-22,47,0
28,2024-31,2024-07-29,47,0
28,2024-32,2024-08-05,51,1
28,2024-33,2024-08-12,46,0
28,2024-34,2024-08-19,49,1
28,2024-35,2024-08-26,73,3
28,2024-36,2024-09-02,48,0
28,2024-37,2024-09-09,56,0
28,2024-38,2024-09-16,52,1
28,2024-39,2024-09-23,58,0
28,2024-40,2024-09-30,60,0
28,2024-41,2024-10-07,73,2
28,2024-42,2024-10-14,67,0
28,2024-43,2024-10-21,71,0
28,2024-44,2024-10-28,79,1
28,2024-45,2024-11-04,76,0
28,2024-46,2024-11-11,82,1
28,2024-47,2024-11-18,85,1
28,2024-48,2024-11-25,97,1
28,2024-49,2024-12-02,98,2
28,2024-50,2024-12-09,96,1
28,2024-51,2024-12-16,87,0
28,2024-52,2024-12-23,99,1
28,2024-53,2024-12-30,28,0
28,2025-00,2025-01-01,64,0
28,2025-01,2025-01-06,98,0
28,2025-02,2025-01-13,103,1
28,2025-03,2025-01-20,91,1
28,2025-04,2025-01-27,104,1
28,2025-05,2025-02-03,100,0
28,2025-06,2025-02-10,95,0
28,2025-07,2025-02-17,101,1
28,2025-08,2025-02-24,105,1
28,2025-09,2025-03-03,81,0
28,2025-10,2025-03-10,95,1
28,2025-11,2025-03-17,93,0
28,2025-12,2025-03-24,96,1
28,2025-13,2025-03-31,82,1
28,2025-14,2025-04-07,76,1
28,2025-15,2025-04-14,86,2
28,2025-16,2025-04-21,66,0
28,2025-17,2025-04-28,76,1
28,2025-18,2025-05-05,75,2
28,2025-19,2025-05-12,67,0
28,2025-20,2025-05-19,63,1
28,2025-21,2025-05-26,52,0
28,2025-22,2025-06-02,57,0
28,2025-23,2025-06-09,62,0
28,2025-24,2025-06-16,50,0
28,2025-25,2025-06-23,59,0
28,2025-26,2025-06-30,51,0
28,2025-27,2025-07-07,55,0
28,2025-28,2025-07-14,56,0
28,2025-29,2025-07-21,50,0
28,2025-30,2025-07-28,54,0
28,2025-31,2025-08-04,57,1
28,2025-32,2025-08-11,51,0
28,2025-33,2025-08-18,54,2
28,2025-34,2025-08-25,59,0
28,2025-35,2025-09-01,53,0
28,2025-36,2025-09-08,60,0
28,2025-37,2025-09-15,78,4
28,2025-38,2025-09-22,64,0
28,2025-39,2025-09-29,61,0
28,2025-40,2025-10-06,77,2
28,2025-41,2025-10-13,69,0
28,2025-42,2025-10-20,87,1
28,2025-43,2025-10-27,86,2
28,2025-44,2025-11-03,92,1
28,2025-45,2025-11-10,79,0
28,2025-46,2025-11-17,84,0
28,2025-47,2025-11-24,84,0
28,2025-48,2025-12-01,90,0
28,2025-49,2025-12-08,87,0
28,2025-50,2025-12-15,102,1
28,2025-51,2025-12-22,86,0
28,2025-52,2025-12-29,39,0
29,2023-00,2023-01-01,19,0
29,2023-01,2023-01-02,151,2
29,2023-02,2023-01-09,142,0
29,2023-03,2023-01-16,155,0
29,2023-04,2023-01-23,153,1
29,2023-05,2023-01-30,141,0
29,2023-06,2023-02-06,148,0
29,2023-07,2023-02-13,133,0
29,2023-08,2023-02-20,148,1
29,2023-09,2023-02-27,139,0
29,2023-10,2023-03-06,137,0
29,2023-11,2023-03-13,146,2
29,2023-12,2023-03-20,136,1
29,2023-13,2023-03-27,131,0
29,2023-14,2023-04-03,119,0
29,2023-15,2023-04-10,120,0
29,2023-16,2023-04-17,106,0
29,2023-17,2023-04-24,113,0
29,2023-18,2023-05-01,107,0
29,2023-19,2023-05-08,122,0
29,2023-20,2023-05-15,99,0
29,2023-21,2023-05-22,105,1
29,2023-22,2023-05-29,87,1
29,2023-23,2023-06-05,80,0
29,2023-24,2023-06-12,89,0
29,2023-25,2023-06-19,62,0
29,2023-26,2023-06-26,69,0
29,2023-27,2023-07-03,81,1
29,2023-28,2023-07-10,89,1
29,2023-29,2023-07-17,69,1
29,2023-30,2023-07-24,76,1
29,2023-31,2023-07-31,77,0
29,2023-32,2023-08-07,73,0
29,2023-33,2023-08-14,87,1
29,2023-34,2023-08-21,75,0
29,2023-35,2023-08-28,88,0
29,2023-36,2023-09-04,79,0
29,2023-37,2023-09-11,88,1
29,2023-38,2023-09-18,96,1
29,2023-39,2023-09-25,107,1
29,2023-40,2023-10-02,106,0
29,2023-41,2023-10-09,106,1
29,2023-42,2023-10-16,135,1
29,2023-43,2023-10-23,121,1
29,2023-44,2023-10-30,94,0
29,2023-45,2023-11-06,115,0
29,2023-46,2023-11-13,122,0
29,2023-47,2023-11-20,124,0
29,2023-48,2023-11-27,147,1
29,2023-49,2023-12-04,139,0
29,2023-50,2023-12-11,134,0
29,2023-51,2023-12-18,159,1
29,2023-52,2023-12-25,137,0
29,2024-01,2024-01-01,150,0
29,2024-02,2024-01-08,157,1
29,2024-03,2024-01-15,175,1
29,2024-04,2024-01-22,169,1
29,2024-05,2024-01-29,170,2
29,2024-06,2024-02-05,158,0
29,2024-07,2024-02-12,147,0
29,2024-08,2024-02-19,160,2
29,2024-09,2024-02-26,160,1
29,2024-10,2024-03-04,164,2
29,2024-11,2024-03-11,164,1
29,2024-12,2024-03-18,149,1
29,2024-13,2024-03-25,143,0
29,2024-14,2024-04-01,140,1
29,2024-15,2024-04-08,119,0
29,2024-16,2024-04-15,119,0
29,2024-17,2024-04-22,153,2
29,2024-18,2024-04-29,119,0
29,2024-19,2024-05-06,102,0
29,2024-20,2024-05-13,113,0
29,2024-21,2024-05-20,96,0
29,2024-22,2024-05-27,95,1
29,2024-23,2024-06-03,96,0
29,2024-24,2024-06-10,102,0
29,2024-25,2024-06-17,103,1
29,2024-26,2024-06-24,94,0
29,2024-27,2024-07-01,82,0
29,2024-28,2024-07-08,83,0
29,2024-29,2024-07-15,90,1
29,2024-30,2024-07-22,84,0
29,2024-31,2024-07-29,90,0
29,2024-32,2024-08-05,88,0
29,2024-33,2024-08-12,86,1
29,2024-34,2024-08-19,77,1
29,2024-35,2024-08-26,87,0
29,2024-36,2024-09-02,88,0
29,2024-37,2024-09-09,89,1
29,2024-38,2024-09-16,105,1
29,2024-39,2024-09-23,95,0
29,2024-40,2024-09-30,96,0
29,2024-41,2024-10-07,107,2
29,2024-42,2024-10-14,111,0
29,2024-43,2024-10-21,126,1
29,2024-44,2024-10-28,123,0
29,2024-45,2024-11-04,122,0
29,2024-46,2024-11-11,147,2
29,2024-47,2024-11-18,133,0
29,2024-48,2024-11-25,137,0
29,2024-49,2024-12-02,168,1
29,2024-50,2024-12-09,154,0
29,2024-51,2024-12-16,148,0
29,2024-52,2024-12-23,168,1
29,2024-53,2024-12-30,45,0
29,2025-00,2025-01-01,109,0
29,2025-01,2025-01-06,173,1
29,2025-02,2025-01-13,160,1
29,2025-03,2025-01-20,191,2
29,2025-04,2025-01-27,159,0
29,2025-05,2025-02-03,165,0
29,2025-06,2025-02-10,178,1
29,2025-07,2025-02-17,160,0
29,2025-08,2025-02-24,159,1
29,2025-09,2025-03-03,150,0
29,2025-10,2025-03-10,152,0
29,2025-11,2025-03-17,157,1
29,2025-12,2025-03-24,158,0
29,2025-13,2025-03-31,136,0
29,2025-14,2025-04-07,153,1
29,2025-15,2025-04-14,132,0
29,2025-16,2025-04-21,132,0
29,2025-17,2025-04-28,135,0
29,2025-18,2025-05-05,119,0
29,2025-19,2025-05-12,119,1
29,2025-20,2025-05-19,119,1
29,2025-21,2025-05-26,110,1
29,2025-22,2025-06-02,103,0
29,2025-23,2025-06-09,120,1
29,2025-24,2025-06-16,101,0
29,2025-25,2025-06-23,93,0
29,2025-26,2025-06-30,100,1
29,2025-27,2025-07-07,92,1
29,2025-28,2025-07-14,107,1
29,2025-29,2025-07-21,90,0
29,2025-30,2025-07-28,95,0
29,2025-31,2025-08-04,107,1
29,2025-32,2025-08-11,92,1
29,2025-33,2025-08-18,78,1
29,2025-34,2025-08-25,90,0
29,2025-35,2025-09-01,88,0
29,2025-36,2025-09-08,97,0
29,2025-37,2025-09-15,111,1
29,2025-38,2025-09-22,118,1
29,2025-39,2025-09-29,133,2
29,2025-40,2025-10-06,144,2
29,2025-41,2025-10-13,134,0
29,2025-42,2025-10-20,124,0
29,2025-43,2025-10-27,139,1
29,2025-44,2025-11-03,153,2
29,2025-45,2025-11-10,147,0
29,2025-46,2025-11-17,150,0
29,2025-47,2025-11-24,162,1
29,2025-48,2025-12-01,172,1
29,2025-49,2025-12-08,161,1
29,2025-50,2025-12-15,153,0
29,2025-51,2025-12-22,164,0
29,2025-52,2025-12-29,74,0
30,2023-00,2023-01-01,29,0
30,2023-01,2023-01-02,213,2
30,2023-02,2023-01-09,194,0
30,2023-03,2023-01-16,225,2
30,2023-04,2023-01-23,184,0
30,2023-05,2023-01-30,195,0
30,2023-06,2023-02-06,215,1
30,2023-07,2023-02-13,190,0
30,2023-08,2023-02-20,188,0
30,2023-09,2023-02-27,204,1
30,2023-10,2023-03-06,189,0
30,2023-11,2023-03-13,202,1
30,2023-12,2023-03-20,191,1
30,2023-13,2023-03-27,179,1
30,2023-14,2023-04-03,179,1
30,2023-15,2023-04-10,177,0
30,2023-16,2023-04-17,194,3
30,2023-17,2023-04-24,152,0
30,2023-18,2023-05-01,141,0
30,2023-19,2023-05-08,138,0
30,2023-20,2023-05-15,151,1
30,2023-21,2023-05-22,119,0
30,2023-22,2023-05-29,143,1
30,2023-23,2023-06-05,122,0
30,2023-24,2023-06-12,123,1
30,2023-25,2023-06-19,123,2
30,2023-26,2023-06-26,116,1
30,2023-27,2023-07-03,95,0
30,2023-28,2023-07-10,108,1
30,2023-29,2023-07-17,120,1
30,2023-30,2023-07-24,105,0
30,2023-31,2023-07-31,90,0
30,2023-32,2023-08-07,108,0
30,2023-33,2023-08-14,106,1
30,2023-34,2023-08-21,145,1
30,2023-35,2023-08-28,105,0
30,2023-36,2023-09-04,114,1
30,2023-37,2023-09-11,98,0
30,2023-38,2023-09-18,125,0
30,2023-39,2023-09-25,134,1
30,2023-40,2023-10-02,121,0
30,2023-41,2023-10-09,135,0
30,2023-42,2023-10-16,165,1
30,2023-43,2023-10-23,150,0
30,2023-44,2023-10-30,150,0
30,2023-45,2023-11-06,173,1
30,2023-46,2023-11-13,172,1
30,2023-47,2023-11-20,172,0
30,2023-48,2023-11-27,189,0
30,2023-49,2023-12-04,171,0
30,2023-50,2023-12-11,224,2
30,2023-51,2023-12-18,190,0
30,2023-52,2023-12-25,226,1
30,2024-01,2024-01-01,213,1
30,2024-02,2024-01-08,234,1
30,2024-03,2024-01-15,221,2
30,2024-04,2024-01-22,242,2
30,2024-05,2024-01-29,233,2
30,2024-06,2024-02-05,215,0
30,2024-07,2024-02-12,214,0
30,2024-08,2024-02-19,203,0
30,2024-09,2024-02-26,212,1
30,2024-10,2024-03-04,212,1
30,2024-11,2024-03-11,232,3
30,2024-12,2024-03-18,192,0
30,2024-13,2024-03-25,198,0
30,2024-14,2024-04-01,202,1
30,2024-15,2024-04-08,165,0
30,2024-16,2024-04-15,199,1
30,2024-17,2024-04-22,160,1
30,2024-18,2024-04-29,151,0
30,2024-19,2024-05-06,155,1
30,2024-20,2024-05-13,122,1
30,2024-21,2024-05-20,151,0
30,2024-22,2024-05-27,123,0
30,2024-23,2024-06-03,132,1
30,2024-24,2024-06-10,131,0
30,2024-25,2024-06-17,126,0
30,2024-26,2024-06-24,111,1
30,2024-27,2024-07-01,101,0
30,2024-28,2024-07-08,105,0
30,2024-29,2024-07-15,112,0
30,2024-30,2024-07-22,106,0
30,2024-31,2024-07-29,129,2
30,2024-32,2024-08-05,122,1
30,2024-33,2024-08-12,96,0
30,2024-34,2024-08-19,143,2
30,2024-35,2024-08-26,125,0
30,2024-36,2024-09-02,129,1
30,2024-37,2024-09-09,124,0
30,2024-38,2024-09-16,146,1
30,2024-39,2024-09-23,149,1
30,2024-40,2024-09-30,166,1
30,2024-41,2024-10-07,159,0
30,2024-42,2024-10-14,174,1
30,2024-43,2024-10-21,162,0
30,2024-44,2024-10-28,154,0
30,2024-45,2024-11-04,178,0
30,2024-46,2024-11-11,174,0
30,2024-47,2024-11-18,219,1
30,2024-48,2024-11-25,211,1
30,2024-49,2024-12-02,209,0
30,2024-50,2024-12-09,203,0
30,2024-51,2024-12-16,201,0
30,2024-52,2024-12-23,226,1
30,2024-53,2024-12-30,71,1
30,2025-00,2025-01-01,123,0
30,2025-01,2025-01-06,215,0
30,2025-02,2025-01-13,236,1
30,2025-03,2025-01-20,237,1
30,2025-04,2025-01-27,225,0
30,2025-05,2025-02-03,179,0
30,2025-06,2025-02-10,212,0
30,2025-07,2025-02-17,218,0
30,2025-08,2025-02-24,229,1
30,2025-09,2025-03-03,205,0
30,2025-10,2025-03-10,213,0
30,2025-11,2025-03-17,201,0
30,2025-12,2025-03-24,194,0
30,2025-13,2025-03-31,225,2
30,2025-14,2025-04-07,192,0
30,2025-15,2025-04-14,178,0
30,2025-16,2025-04-21,195,2
30,2025-17,2025-04-28,161,0
30,2025-18,2025-05-05,155,0
30,2025-19,2025-05-12,160,0
30,2025-20,2025-05-19,142,0
30,2025-21,2025-05-26,148,1
30,2025-22,2025-06-02,138,0
30,2025-23,2025-06-09,145,1
30,2025-24,2025-06-16,139,0
30,2025-25,2025-06-23,118,1
30,2025-26,2025-06-30,133,0
30,2025-27,2025-07-07,120,0
30,2025-28,2025-07-14,132,1
30,2025-29,2025-07-21,135,2
30,2025-30,2025-07-28,134,2
30,2025-31,2025-08-04,128,0
30,2025-32,2025-08-11,138,1
30,2025-33,2025-08-18,121,0
30,2025-34,2025-08-25,137,0
30,2025-35,2025-09-01,117,1
30,2025-36,2025-09-08,154,1
30,2025-37,2025-09-15,138,1
30,2025-38,2025-09-22,150,1
30,2025-39,2025-09-29,185,2
30,2025-40,2025-10-06,164,1
30,2025-41,2025-10-13,174,1
30,2025-42,2025-10-20,170,0
30,2025-43,2025-10-27,175,1
30,2025-44,2025-11-03,195,0
30,2025-45,2025-11-10,181,0
30,2025-46,2025-11-17,229,1
30,2025-47,2025-11-24,200,0
30,2025-48,2025-12-01,214,0
30,2025-49,2025-12-08,221,1
30,2025-50,2025-12-15,207,0
30,2025-51,2025-12-22,220,0
30,2025-52,2025-12-29,90,0
31,2023-00,2023-01-01,5,0
31,2023-01,2023-01-02,34,0
31,2023-02,2023-01-09,30,0
31,2023-03,2023-01-16,33,1
31,2023-04,2023-01-23,36,1
31,2023-05,2023-01-30,36,1
31,2023-06,2023-02-06,31,0
31,2023-07,2023-02-13,32,0
31,2023-08,2023-02-20,32,0
31,2023-09,2023-02-27,34,1
31,2023-10,2023-03-06,32,0
31,2023-11,2023-03-13,38,1
31,2023-12,2023-03-20,36,3
31,2023-13,2023-03-27,33,3
31,2023-14,2023-04-03,30,0
31,2023-15,2023-04-10,29,0
31,2023-16,2023-04-17,32,1
31,2023-17,2023-04-24,26,0
31,2023-18,2023-05-01,25,0
31,2023-19,2023-05-08,21,1
31,2023-20,2023-05-15,23,0
31,2023-21,2023-05-22,24,0
31,2023-22,2023-05-29,22,1
31,2023-23,2023-06-05,21,0
31,2023-24,2023-06-12,17,0
31,2023-25,2023-06-19,18,0
31,2023-26,2023-06-26,15,0
31,2023-27,2023-07-03,17,0
31,2023-28,2023-07-10,16,0
31,2023-29,2023-07-17,20,1
31,2023-30,2023-07-24,15,0
31,2023-31,2023-07-31,19,0
31,2023-32,2023-08-07,19,1
31,2023-33,2023-08-14,18,0
31,2023-34,2023-08-21,19,1
31,2023-35,2023-08-28,20,1
31,2023-36,2023-09-04,19,0
31,2023-37,2023-09-11,20,0
31,2023-38,2023-09-18,20,0
31,2023-39,2023-09-25,24,1
31,2023-40,2023-10-02,20,2
31,2023-41,2023-10-09,26,1
31,2023-42,2023-10-16,28,1
31,2023-43,2023-10-23,27,0
31,2023-44,2023-10-30,22,0
31,2023-45,2023-11-06,30,0
31,2023-46,2023-11-13,32,2
31,2023-47,2023-11-20,29,0
31,2023-48,2023-11-27,32,0
31,2023-49,2023-12-04,35,2
31,2023-50,2023-12-11,31,0
31,2023-51,2023-12-18,30,0
31,2023-52,2023-12-25,34,1
31,2024-01,2024-01-01,35,1
31,2024-02,2024-01-08,40,3
31,2024-03,2024-01-15,33,0
31,2024-04,2024-01-22,34,0
31,2024-05,2024-01-29,28,0
31,2024-06,2024-02-05,37,1
31,2024-07,2024-02-12,38,1
31,2024-08,2024-02-19,40,1
31,2024-09,2024-02-26,37,0
31,2024-10,2024-03-04,35,0
31,2024-11,2024-03-11,31,0
31,2024-12,2024-03-18,31,0
31,2024-13,2024-03-25,32,1
31,2024-14,2024-04-01,29,0
31,2024-15,2024-04-08,27,0
31,2024-16,2024-04-15,28,0
31,2024-17,2024-04-22,26,1
31,2024-18,2024-04-29,28,1
31,2024-19,2024-05-06,24,0
31,2024-20,2024-05-13,24,0
31,2024-21,2024-05-20,23,0
31,2024-22,2024-05-27,24,0
31,2024-23,2024-06-03,21,0
31,2024-24,2024-06-10,26,3
31,2024-25,2024-06-17,20,0
31,2024-26,2024-06-24,21,0
31,2024-27,2024-07-01,18,0
31,2024-28,2024-07-08,19,0
31,2024-29,2024-07-15,19,1
31,2024-30,2024-07-22,18,0
31,2024-31,2024-07-29,24,1
31,2024-32,2024-08-05,17,0
31,2024-33,2024-08-12,18,0
31,2024-34,2024-08-19,19,1
31,2024-35,2024-08-26,18,2
31,2024-36,2024-09-02,22,0
31,2024-37,2024-09-09,20,0
31,2024-38,2024-09-16,21,1
31,2024-39,2024-09-23,22,0
31,2024-40,2024-09-30,25,0
31,2024-41,2024-10-07,24,2
31,2024-42,2024-10-14,26,0
31,2024-43,2024-10-21,28,0
31,2024-44,2024-10-28,29,0
31,2024-45,2024-11-04,29,0
31,2024-46,2024-11-11,32,1
31,2024-47,2024-11-18,31,1
31,2024-48,2024-11-25,33,0
31,2024-49,2024-12-02,35,1
31,2024-50,2024-12-09,36,0
31,2024-51,2024-12-16,34,0
31,2024-52,2024-12-23,34,0
31,2024-53,2024-12-30,13,1
31,2025-00,2025-01-01,26,0
31,2025-01,2025-01-06,41,2
31,2025-02,2025-01-13,37,0
31,2025-03,2025-01-20,36,0
31,2025-04,2025-01-27,38,1
31,2025-05,2025-02-03,36,0
31,2025-06,2025-02-10,33,0
31,2025-07,2025-02-17,38,1
31,2025-08,2025-02-24,39,1
31,2025-09,2025-03-03,38,1
31,2025-10,2025-03-10,36,0
31,2025-11,2025-03-17,33,1
31,2025-12,2025-03-24,36,0
31,2025-13,2025-03-31,32,0
31,2025-14,2025-04-07,33,0
31,2025-15,2025-04-14,30,0
31,2025-16,2025-04-21,32,1
31,2025-17,2025-04-28,27,0
31,2025-18,2025-05-05,28,0
31,2025-19,2025-05-12,25,0
31,2025-20,2025-05-19,24,1
31,2025-21,2025-05-26,25,0
31,2025-22,2025-06-02,24,0
31,2025-23,2025-06-09,27,1
31,2025-24,2025-06-16,23,0
31,2025-25,2025-06-23,23,1
31,2025-26,2025-06-30,23,0
31,2025-27,2025-07-07,21,0
31,2025-28,2025-07-14,19,1
31,2025-29,2025-07-21,21,0
31,2025-30,2025-07-28,23,2
31,2025-31,2025-08-04,21,0
31,2025-32,2025-08-11,21,0
31,2025-33,2025-08-18,24,1
31,2025-34,2025-08-25,21,0
31,2025-35,2025-09-01,23,2
31,2025-36,2025-09-08,23,0
31,2025-37,2025-09-15,22,0
31,2025-38,2025-09-22,28,1
31,2025-39,2025-09-29,25,1
31,2025-40,2025-10-06,21,1
31,2025-41,2025-10-13,25,0
31,2025-42,2025-10-20,28,0
31,2025-43,2025-10-27,28,0
31,2025-44,2025-11-03,29,1
31,2025-45,2025-11-10,33,0
31,2025-46,2025-11-17,33,0
31,2025-47,2025-11-24,35,0
31,2025-48,2025-12-01,34,1
31,2025-49,2025-12-08,40,1
31,2025-50,2025-12-15,34,0
31,2025-51,2025-12-22,37,0
31,2025-52,2025-12-29,14,0
32,2023-00,2023-01-01,18,0
32,2023-01,2023-01-02,126,0
32,2023-02,2023-01-09,125,2
32,2023-03,2023-01-16,120,0
32,2023-04,2023-01-23,134,0
32,2023-05,2023-01-30,131,0
32,2023-06,2023-02-06,127,0
32,2023-07,2023-02-13,125,0
32,2023-08,2023-02-20,134,1
32,2023-09,2023-02-27,118,0
32,2023-10,2023-03-06,116,1
32,2023-11,2023-03-13,114,0
32,2023-12,2023-03-20,94,0
32,2023-13,2023-03-27,125,2
32,2023-14,2023-04-03,110,0
32,2023-15,2023-04-10,105,0
32,2023-16,2023-04-17,91,0
32,2023-17,2023-04-24,104,1
32,2023-18,2023-05-01,101,0
32,2023-19,2023-05-08,80,1
32,2023-20,2023-05-15,98,3
32,2023-21,2023-05-22,80,1
32,2023-22,2023-05-29,78,0
32,2023-23,2023-06-05,72,1
32,2023-24,2023-06-12,76,1
32,2023-25,2023-06-19,65,0
32,2023-26,2023-06-26,57,0
32,2023-27,2023-07-03,74,0
32,2023-28,2023-07-10,68,0
32,2023-29,2023-07-17,63,1
32,2023-30,2023-07-24,62,0
32,2023-31,2023-07-31,68,2
32,2023-32,2023-08-07,70,0
32,2023-33,2023-08-14,67,1
32,2023-34,2023-08-21,61,1
32,2023-35,2023-08-28,76,0
32,2023-36,2023-09-04,94,3
32,2023-37,2023-09-11,91,1
32,2023-38,2023-09-18,75,2
32,2023-39,2023-09-25,84,0
32,2023-40,2023-10-02,88,0
32,2023-41,2023-10-09,84,0
32,2023-42,2023-10-16,107,1
32,2023-43,2023-10-23,109,1
32,2023-44,2023-10-30,97,0
32,2023-45,2023-11-06,99,0
32,2023-46,2023-11-13,112,1
32,2023-47,2023-11-20,113,0
32,2023-48,2023-11-27,112,0
32,2023-49,2023-12-04,118,0
32,2023-50,2023-12-11,125,0
32,2023-51,2023-12-18,130,1
32,2023-52,2023-12-25,123,0
32,2024-01,2024-01-01,132,1
32,2024-02,2024-01-08,137,0
32,2024-03,2024-01-15,130,1
32,2024-04,2024-01-22,134,0
32,2024-05,2024-01-29,133,0
32,2024-06,2024-02-05,132,0
32,2024-07,2024-02-12,128,0
32,2024-08,2024-02-19,126,0
32,2024-09,2024-02-26,134,0
32,2024-10,2024-03-04,130,0
32,2024-11,2024-03-11,116,0
32,2024-12,2024-03-18,132,2
32,2024-13,2024-03-25,118,1
32,2024-14,2024-04-01,119,0
32,2024-15,2024-04-08,120,0
32,2024-16,2024-04-15,96,0
32,2024-17,2024-04-22,114,1
32,2024-18,2024-04-29,97,0
32,2024-19,2024-05-06,106,1
32,2024-20,2024-05-13,87,0
32,2024-21,2024-05-20,82,0
32,2024-22,2024-05-27,79,0
32,2024-23,2024-06-03,72,0
32,2024-24,2024-06-10,87,0
32,2024-25,2024-06-17,76,1
32,2024-26,2024-06-24,68,1
32,2024-27,2024-07-01,84,1
32,2024-28,2024-07-08,73,1
32,2024-29,2024-07-15,82,1
32,2024-30,2024-07-22,89,3
32,2024-31,2024-07-29,76,0
32,2024-32,2024-08-05,69,0
32,2024-33,2024-08-12,81,0
32,2024-34,2024-08-19,82,0
32,2024-35,2024-08-26,78,2
32,2024-36,2024-09-02,75,0
32,2024-37,2024-09-09,82,0
32,2024-38,2024-09-16,97,3
32,2024-39,2024-09-23,89,0
32,2024-40,2024-09-30,94,1
32,2024-41,2024-10-07,113,2
32,2024-42,2024-10-14,102,0
32,2024-43,2024-10-21,116,0
32,2024-44,2024-10-28,105,0
32,2024-45,2024-11-04,101,0
32,2024-46,2024-11-11,145,2
32,2024-47,2024-11-18,129,2
32,2024-48,2024-11-25,139,1
32,2024-49,2024-12-02,141,1
32,2024-50,2024-12-09,128,0
32,2024-51,2024-12-16,130,0
32,2024-52,2024-12-23,133,0
32,2024-53,2024-12-30,46,1
32,2025-00,2025-01-01,92,0
32,2025-01,2025-01-06,135,1
32,2025-02,2025-01-13,122,0
32,2025-03,2025-01-20,140,0
32,2025-04,2025-01-27,137,1
32,2025-05,2025-02-03,157,1
32,2025-06,2025-02-10,167,2
32,2025-07,2025-02-17,153,2
32,2025-08,2025-02-24,141,1
32,2025-09,2025-03-03,138,0
32,2025-10,2025-03-10,143,1
32,2025-11,2025-03-17,122,0
32,2025-12,2025-03-24,131,1
32,2025-13,2025-03-31,139,2
32,2025-14,2025-04-07,118,0
32,2025-15,2025-04-14,125,0
32,2025-16,2025-04-21,109,0
32,2025-17,2025-04-28,115,2
32,2025-18,2025-05-05,91,0
32,2025-19,2025-05-12,117,1
32,2025-20,2025-05-19,101,1
32,2025-21,2025-05-26,92,1
32,2025-22,2025-06-02,88,1
32,2025-23,2025-06-09,90,1
32,2025-24,2025-06-16,88,1
32,2025-25,2025-06-23,89,1
32,2025-26,2025-06-30,87,0
32,2025-27,2025-07-07,87,1
32,2025-28,2025-07-14,74,0
32,2025-29,2025-07-21,80,0
32,2025-30,2025-07-28,67,0
32,2025-31,2025-08-04,70,0
32,2025-32,2025-08-11,70,0
32,2025-33,2025-08-18,76,0
32,2025-34,2025-08-25,98,2
32,2025-35,2025-09-01,86,2
32,2025-36,2025-09-08,97,0
32,2025-37,2025-09-15,89,0
32,2025-38,2025-09-22,92,0
32,2025-39,2025-09-29,97,1
32,2025-40,2025-10-06,115,1
32,2025-41,2025-10-13,125,2
32,2025-42,2025-10-20,109,0
32,2025-43,2025-10-27,108,0
32,2025-44,2025-11-03,104,0
32,2025-45,2025-11-10,114,0
32,2025-46,2025-11-17,122,0
32,2025-47,2025-11-24,121,0
32,2025-48,2025-12-01,133,0
32,2025-49,2025-12-08,136,0
32,2025-50,2025-12-15,132,0
32,2025-51,2025-12-22,149,1
32,2025-52,2025-12-29,75,1
33,2023-00,2023-01-01,18,0
33,2023-01,2023-01-02,116,1
33,2023-02,2023-01-09,101,0
33,2023-03,2023-01-16,123,1
33,2023-04,2023-01-23,121,0
33,2023-05,2023-01-30,114,1
33,2023-06,2023-02-06,116,1
33,2023-07,2023-02-13,95,0
33,2023-08,2023-02-20,108,0
33,2023-09,2023-02-27,117,1
33,2023-10,2023-03-06,100,0
33,2023-11,2023-03-13,100,0
33,2023-12,2023-03-20,105,1
33,2023-13,2023-03-27,89,0
33,2023-14,2023-04-03,94,1
33,2023-15,2023-04-10,86,0
33,2023-16,2023-04-17,88,0
33,2023-17,2023-04-24,81,0
33,2023-18,2023-05-01,91,2
33,2023-19,2023-05-08,79,1
33,2023-20,2023-05-15,66,0
33,2023-21,2023-05-22,64,0
33,2023-22,2023-05-29,82,1
33,2023-23,2023-06-05,75,0
33,2023-24,2023-06-12,72,2
33,2023-25,2023-06-19,58,1
33,2023-26,2023-06-26,61,0
33,2023-27,2023-07-03,61,0
33,2023-28,2023-07-10,58,2
33,2023-29,2023-07-17,51,0
33,2023-30,2023-07-24,59,0
33,2023-31,2023-07-31,54,0
33,2023-32,2023-08-07,62,1
33,2023-33,2023-08-14,56,0
33,2023-34,2023-08-21,57,1
33,2023-35,2023-08-28,67,1
33,2023-36,2023-09-04,74,1
33,2023-37,2023-09-11,67,1
33,2023-38,2023-09-18,85,1
33,2023-39,2023-09-25,70,0
33,2023-40,2023-10-02,76,3
33,2023-41,2023-10-09,76,0
33,2023-42,2023-10-16,87,1
33,2023-43,2023-10-23,79,0
33,2023-44,2023-10-30,83,0
33,2023-45,2023-11-06,96,0
33,2023-46,2023-11-13,92,0
33,2023-47,2023-11-20,112,1
33,2023-48,2023-11-27,102,0
33,2023-49,2023-12-04,105,0
33,2023-50,2023-12-11,119,1
33,2023-51,2023-12-18,103,0
33,2023-52,2023-12-25,114,0
33,2024-01,2024-01-01,105,0
33,2024-02,2024-01-08,115,0
33,2024-03,2024-01-15,117,0
33,2024-04,2024-01-22,109,1
33,2024-05,2024-01-29,118,0
33,2024-06,2024-02-05,97,0
33,2024-07,2024-02-12,120,1
33,2024-08,2024-02-19,122,1
33,2024-09,2024-02-26,115,1
33,2024-10,2024-03-04,132,2
33,2024-11,2024-03-11,120,2
33,2024-12,2024-03-18,105,0
33,2024-13,2024-03-25,98,0
33,2024-14,2024-04-01,121,1
33,2024-15,2024-04-08,95,1
33,2024-16,2024-04-15,90,0
33,2024-17,2024-04-22,85,0
33,2024-18,2024-04-29,88,1
33,2024-19,2024-05-06,86,0
33,2024-20,2024-05-13,91,2
33,2024-21,2024-05-20,81,1
33,2024-22,2024-05-27,83,2
33,2024-23,2024-06-03,68,0
33,2024-24,2024-06-10,77,1
33,2024-25,2024-06-17,66,1
33,2024-26,2024-06-24,66,0
33,2024-27,2024-07-01,70,1
33,2024-28,2024-07-08,69,2
33,2024-29,2024-07-15,59,0
33,2024-30,2024-07-22,58,0
33,2024-31,2024-07-29,70,1
33,2024-32,2024-08-05,58,0
33,2024-33,2024-08-12,63,1
33,2024-34,2024-08-19,71,1
33,2024-35,2024-08-26,67,0
33,2024-36,2024-09-02,77,1
33,2024-37,2024-09-09,70,0
33,2024-38,2024-09-16,74,1
33,2024-39,2024-09-23,79,1
33,2024-40,2024-09-30,80,1
33,2024-41,2024-10-07,84,0
33,2024-42,2024-10-14,82,0
33,2024-43,2024-10-21,89,0
33,2024-44,2024-10-28,90,0
33,2024-45,2024-11-04,89,0
33,2024-46,2024-11-11,102,1
33,2024-47,2024-11-18,102,0
33,2024-48,2024-11-25,103,0
33,2024-49,2024-12-02,111,0
33,2024-50,2024-12-09,112,1
33,2024-51,2024-12-16,118,1
33,2024-52,2024-12-23,110,0
33,2024-53,2024-12-30,33,0
33,2025-00,2025-01-01,84,0
33,2025-01,2025-01-06,147,3
33,2025-02,2025-01-13,126,1
33,2025-03,2025-01-20,124,0
33,2025-04,2025-01-27,123,0
33,2025-05,2025-02-03,133,1
33,2025-06,2025-02-10,124,1
33,2025-07,2025-02-17,134,1
33,2025-08,2025-02-24,125,1
33,2025-09,2025-03-03,120,0
33,2025-10,2025-03-10,124,1
33,2025-11,2025-03-17,116,1
33,2025-12,2025-03-24,110,0
33,2025-13,2025-03-31,110,1
33,2025-14,2025-04-07,100,1
33,2025-15,2025-04-14,105,1
33,2025-16,2025-04-21,105,1
33,2025-17,2025-04-28,88,0
33,2025-18,2025-05-05,96,1
33,2025-19,2025-05-12,74,0
33,2025-20,2025-05-19,77,0
33,2025-21,2025-05-26,79,1
33,2025-22,2025-06-02,82,2
33,2025-23,2025-06-09,66,1
33,2025-24,2025-06-16,65,0
33,2025-25,2025-06-23,76,0
33,2025-26,2025-06-30,75,0
33,2025-27,2025-07-07,68,0
33,2025-28,2025-07-14,64,0
33,2025-29,2025-07-21,71,1
33,2025-30,2025-07-28,64,0
33,2025-31,2025-08-04,65,1
33,2025-32,2025-08-11,67,0
33,2025-33,2025-08-18,66,0
33,2025-34,2025-08-25,70,0
33,2025-35,2025-09-01,85,1
33,2025-36,2025-09-08,78,0
33,2025-37,2025-09-15,84,1
33,2025-38,2025-09-22,73,0
33,2025-39,2025-09-29,86,0
33,2025-40,2025-10-06,92,1
33,2025-41,2025-10-13,110,1
33,2025-42,2025-10-20,93,1
33,2025-43,2025-10-27,115,2
33,2025-44,2025-11-03,100,1
33,2025-45,2025-11-10,113,1
33,2025-46,2025-11-17,130,3
33,2025-47,2025-11-24,109,0
33,2025-48,2025-12-01,106,0
33,2025-49,2025-12-08,144,3
33,2025-50,2025-12-15,133,2
33,2025-51,2025-12-22,116,0
33,2025-52,2025-12-29,53,0
34,2023-00,2023-01-01,5,0
34,2023-01,2023-01-02,34,1
34,2023-02,2023-01-09,36,1
34,2023-03,2023-01-16,35,0
34,2023-04,2023-01-23,33,0
34,2023-05,2023-01-30,32,0
34,2023-06,2023-02-06,30,1
34,2023-07,2023-02-13,41,4
34,2023-08,2023-02-20,39,2
34,2023-09,2023-02-27,31,0
34,2023-10,2023-03-06,32,0
34,2023-11,2023-03-13,31,2
34,2023-12,2023-03-20,34,1
34,2023-13,2023-03-27,28,0
34,2023-14,2023-04-03,28,0
34,2023-15,2023-04-10,26,0
34,2023-16,2023-04-17,28,1
34,2023-17,2023-04-24,24,0
34,2023-18,2023-05-01,23,0
34,2023-19,2023-05-08,25,1
34,2023-20,2023-05-15,23,0
34,2023-21,2023-05-22,19,0
34,2023-22,2023-05-29,20,1
34,2023-23,2023-06-05,16,0
34,2023-24,2023-06-12,20,0
34,2023-25,2023-06-19,17,0
34,2023-26,2023-06-26,17,0
34,2023-27,2023-07-03,20,1
34,2023-28,2023-07-10,16,1
34,2023-29,2023-07-17,18,0
34,2023-30,2023-07-24,18,0
34,2023-31,2023-07-31,15,0
34,2023-32,2023-08-07,18,1
34,2023-33,2023-08-14,16,1
34,2023-34,2023-08-21,15,2
34,2023-35,2023-08-28,21,1
34,2023-36,2023-09-04,20,3
34,2023-37,2023-09-12,17,0
34,2023-38,2023-09-18,20,0
34,2023-39,2023-09-25,20,1
34,2023-40,2023-10-02,21,1
34,2023-41,2023-10-09,22,0
34,2023-42,2023-10-16,23,0
34,2023-43,2023-10-23,25,0
34,2023-44,2023-10-30,26,0
34,2023-45,2023-11-06,33,1
34,2023-46,2023-11-13,30,0
34,2023-47,2023-11-20,31,1
34,2023-48,2023-11-27,32,0
34,2023-49,2023-12-04,35,1
34,2023-50,2023-12-11,33,0
34,2023-51,2023-12-18,32,1
34,2023-52,2023-12-25,34,0
34,2024-01,2024-01-01,36,0
34,2024-02,2024-01-08,35,0
34,2024-03,2024-01-15,35,1
34,2024-04,2024-01-22,38,1
34,2024-05,2024-01-29,38,3
34,2024-06,2024-02-05,36,1
34,2024-07,2024-02-12,33,0
34,2024-08,2024-02-19,34,0
34,2024-09,2024-02-26,34,1
34,2024-10,2024-03-04,36,1
34,2024-11,2024-03-11,32,2
34,2024-12,2024-03-18,30,2
34,2024-13,2024-03-25,32,0
34,2024-14,2024-04-01,32,1
34,2024-15,2024-04-08,31,2
34,2024-16,2024-04-15,29,1
34,2024-17,2024-04-22,28,0
34,2024-18,2024-04-29,25,0
34,2024-19,2024-05-06,27,1
34,2024-20,2024-05-13,25,0
34,2024-21,2024-05-20,23,0
34,2024-22,2024-05-27,22,0
34,2024-23,2024-06-03,21,0
34,2024-24,2024-06-10,23,1
34,2024-25,2024-06-17,19,0
34,2024-26,2024-06-24,19,0
34,2024-27,2024-07-01,22,0
34,2024-28,2024-07-08,19,1
34,2024-29,2024-07-15,19,1
34,2024-30,2024-07-22,19,0
34,2024-31,2024-07-29,17,1
34,2024-32,2024-08-05,20,1
34,2024-33,2024-08-12,20,2
34,2024-34,2024-08-19,20,0
34,2024-35,2024-08-26,19,0
34,2024-36,2024-09-02,21,0
34,2024-37,2024-09-09,20,1
34,2024-38,2024-09-16,23,1
34,2024-39,2024-09-23,22,0
34,2024-40,2024-09-30,23,0
34,2024-41,2024-10-07,24,0
34,2024-42,2024-10-14,26,0
34,2024-43,2024-10-21,29,0
34,2024-44,2024-10-28,28,0
34,2024-45,2024-11-04,28,0
34,2024-46,2024-11-11,28,0
34,2024-47,2024-11-18,33,0
34,2024-48,2024-11-25,33,0
34,2024-49,2024-12-02,34,0
34,2024-50,2024-12-09,40,1
34,2024-51,2024-12-16,32,0
34,2024-52,2024-12-23,37,0
34,2024-53,2024-12-30,12,1
34,2025-00,2025-01-01,26,0
34,2025-01,2025-01-06,39,1
34,2025-02,2025-01-13,37,0
34,2025-03,2025-01-20,37,1
34,2025-04,2025-01-27,37,1
34,2025-05,2025-02-03,36,0
34,2025-06,2025-02-10,38,0
34,2025-07,2025-02-17,36,0
34,2025-08,2025-02-24,35,1
34,2025-09,2025-03-03,36,0
34,2025-10,2025-03-10,33,0
34,2025-11,2025-03-17,35,2
34,2025-12,2025-03-24,35,0
34,2025-13,2025-03-31,32,0
34,2025-14,2025-04-07,36,1
34,2025-15,2025-04-14,31,1
34,2025-16,2025-04-21,28,2
34,2025-17,2025-04-28,27,1
34,2025-18,2025-05-05,25,0
34,2025-19,2025-05-12,25,0
34,2025-20,2025-05-19,24,1
34,2025-21,2025-05-26,22,0
34,2025-22,2025-06-02,26,1
34,2025-23,2025-06-09,23,0
34,2025-24,2025-06-16,22,0
34,2025-25,2025-06-23,20,0
34,2025-26,2025-06-30,23,0
34,2025-27,2025-07-07,20,1
34,2025-28,2025-07-14,21,0
34,2025-29,2025-07-21,22,2
34,2025-30,2025-07-28,19,3
34,2025-31,2025-08-04,20,1
34,2025-32,2025-08-11,22,1
34,2025-33,2025-08-18,20,2
34,2025-34,2025-08-25,26,2
34,2025-35,2025-09-01,24,1
34,2025-36,2025-09-08,20,0
34,2025-37,2025-09-15,22,0
34,2025-38,2025-09-22,25,0
34,2025-39,2025-09-29,25,0
34,2025-40,2025-10-06,26,0
34,2025-41,2025-10-13,26,1
34,2025-42,2025-10-20,31,0
34,2025-43,2025-10-27,31,2
34,2025-44,2025-11-03,32,1
34,2025-45,2025-11-10,37,2
34,2025-46,2025-11-17,41,2
34,2025-47,2025-11-24,36,2
34,2025-48,2025-12-01,32,0
34,2025-49,2025-12-08,34,0
34,2025-50,2025-12-15,34,0
34,2025-51,2025-12-22,38,1
34,2025-52,2025-12-29,14,0
35,2023-00,2023-01-01,16,0
35,2023-01,2023-01-02,112,0
35,2023-02,2023-01-09,102,0
35,2023-03,2023-01-16,121,0
35,2023-04,2023-01-23,116,0
35,2023-05,2023-01-30,122,0
35,2023-06,2023-02-06,123,0
35,2023-07,2023-02-13,124,0
35,2023-08,2023-02-20,144,1
35,2023-09,2023-02-27,117,1
35,2023-10,2023-03-06,109,0
35,2023-11,2023-03-13,131,1
35,2023-12,2023-03-20,107,0
35,2023-13,2023-03-27,105,0
35,2023-14,2023-04-03,96,0
35,2023-15,2023-04-10,133,3
35,2023-16,2023-04-17,110,2
35,2023-17,2023-04-24,102,1
35,2023-18,2023-05-01,81,0
35,2023-19,2023-05-08,81,0
35,2023-20,2023-05-15,94,3
35,2023-21,2023-05-22,86,1
35,2023-22,2023-05-29,78,0
35,2023-23,2023-06-05,72,0
35,2023-24,2023-06-12,86,1
35,2023-25,2023-06-19,65,2
35,2023-26,2023-06-26,70,1
35,2023-27,2023-07-03,52,0
35,2023-28,2023-07-10,80,2
35,2023-29,2023-07-17,64,1
35,2023-30,2023-07-24,58,1
35,2023-31,2023-07-31,60,0
35,2023-32,2023-08-07,73,1
35,2023-33,2023-08-14,69,1
35,2023-34,2023-08-21,67,0
35,2023-35,2023-08-28,74,1
35,2023-36,2023-09-04,70,0
35,2023-37,2023-09-11,87,1
35,2023-38,2023-09-18,84,1
35,2023-39,2023-09-25,83,0
35,2023-40,2023-10-02,80,0
35,2023-41,2023-10-09,91,1
35,2023-42,2023-10-16,81,0
35,2023-43,2023-10-23,93,0
35,2023-44,2023-10-30,99,0
35,2023-45,2023-11-06,110,1
35,2023-46,2023-11-13,114,1
35,2023-47,2023-11-20,101,1
35,2023-48,2023-11-27,114,0
35,2023-49,2023-12-04,115,1
35,2023-50,2023-12-11,127,1
35,2023-51,2023-12-18,116,0
35,2023-52,2023-12-25,145,2
35,2024-01,2024-01-01,127,0
35,2024-02,2024-01-08,143,2
35,2024-03,2024-01-15,155,3
35,2024-04,2024-01-22,132,0
35,2024-05,2024-01-29,130,0
35,2024-06,2024-02-05,148,2
35,2024-07,2024-02-12,125,0
35,2024-08,2024-02-19,129,1
35,2024-09,2024-02-26,130,0
35,2024-10,2024-03-04,128,1
35,2024-11,2024-03-11,98,0
35,2024-12,2024-03-18,102,0
35,2024-13,2024-03-25,118,0
35,2024-14,2024-04-01,104,0
35,2024-15,2024-04-08,111,1
35,2024-16,2024-04-15,113,0
35,2024-17,2024-04-22,101,0
35,2024-18,2024-04-29,110,1
35,2024-19,2024-05-06,88,0
35,2024-20,2024-05-13,88,0
35,2024-21,2024-05-20,85,0
35,2024-22,2024-05-27,82,1
35,2024-23,2024-06-03,95,2
35,2024-24,2024-06-10,76,0
35,2024-25,2024-06-17,65,0
35,2024-26,2024-06-24,84,0
35,2024-27,2024-07-01,85,2
35,2024-28,2024-07-08,74,1
35,2024-29,2024-07-15,81,1
35,2024-30,2024-07-22,77,1
35,2024-31,2024-07-29,68,0
35,2024-32,2024-08-05,66,0
35,2024-33,2024-08-12,75,2
35,2024-34,2024-08-19,67,0
35,2024-35,2024-08-26,66,0
35,2024-36,2024-09-02,81,2
35,2024-37,2024-09-09,76,1
35,2024-38,2024-09-16,76,0
35,2024-39,2024-09-23,97,1
35,2024-40,2024-09-30,86,0
35,2024-41,2024-10-07,93,1
35,2024-42,2024-10-14,97,0
35,2024-43,2024-10-21,87,0
35,2024-44,2024-10-28,104,0
35,2024-45,2024-11-04,113,0
35,2024-46,2024-11-11,100,0
35,2024-47,2024-11-18,118,1
35,2024-48,2024-11-25,128,0
35,2024-49,2024-12-02,121,0
35,2024-50,2024-12-09,121,0
35,2024-51,2024-12-16,139,2
35,2024-52,2024-12-23,133,1
35,2024-53,2024-12-30,37,0
35,2025-00,2025-01-02,70,0
35,2025-01,2025-01-06,144,1
35,2025-02,2025-01-13,127,1
35,2025-03,2025-01-20,136,1
35,2025-04,2025-01-27,139,1
35,2025-05,2025-02-03,145,0
35,2025-06,2025-02-10,146,1
35,2025-07,2025-02-17,134,0
35,2025-08,2025-02-24,137,0
35,2025-09,2025-03-03,137,1
35,2025-10,2025-03-10,138,1
35,2025-11,2025-03-17,121,0
35,2025-12,2025-03-24,122,0
35,2025-13,2025-03-31,114,0
35,2025-14,2025-04-07,118,1
35,2025-15,2025-04-14,121,1
35,2025-16,2025-04-21,107,0
35,2025-17,2025-04-28,118,1
35,2025-18,2025-05-05,94,0
35,2025-19,2025-05-12,102,1
35,2025-20,2025-05-19,90,0
35,2025-21,2025-05-26,79,0
35,2025-22,2025-06-02,89,1
35,2025-23,2025-06-09,92,1
35,2025-24,2025-06-16,67,1
35,2025-25,2025-06-23,84,1
35,2025-26,2025-06-30,71,0
35,2025-27,2025-07-07,88,2
35,2025-28,2025-07-14,67,0
35,2025-29,2025-07-21,67,0
35,2025-30,2025-07-28,73,0
35,2025-31,2025-08-04,74,0
35,2025-32,2025-08-11,84,2
35,2025-33,2025-08-18,72,0
35,2025-34,2025-08-25,84,0
35,2025-35,2025-09-01,64,0
35,2025-36,2025-09-08,83,0
35,2025-37,2025-09-15,79,0
35,2025-38,2025-09-22,84,0
35,2025-39,2025-09-29,89,0
35,2025-40,2025-10-06,99,0
35,2025-41,2025-10-13,120,1
35,2025-42,2025-10-20,115,0
35,2025-43,2025-10-27,85,0
35,2025-44,2025-11-03,115,0
35,2025-45,2025-11-10,137,2
35,2025-46,2025-11-17,124,0
35,2025-47,2025-11-24,133,1
35,2025-48,2025-12-01,142,2
35,2025-49,2025-12-08,121,0
35,2025-50,2025-12-15,134,0
35,2025-51,2025-12-22,123,0
35,2025-52,2025-12-29,57,0
36,2023-00,2023-01-01,24,0
36,2023-01,2023-01-02,227,0
36,2023-02,2023-01-09,217,1
36,2023-03,2023-01-16,254,1
36,2023-04,2023-01-23,237,0
36,2023-05,2023-01-30,264,2
36,2023-06,2023-02-06,222,0
36,2023-07,2023-02-13,255,1
36,2023-08,2023-02-20,218,0
36,2023-09,2023-02-27,270,2
36,2023-10,2023-03-06,199,0
36,2023-11,2023-03-13,200,0
36,2023-12,2023-03-20,218,0
36,2023-13,2023-03-27,197,0
36,2023-14,2023-04-03,198,1
36,2023-15,2023-04-10,183,0
36,2023-16,2023-04-17,177,0
36,2023-17,2023-04-24,175,0
36,2023-18,2023-05-01,132,0
36,2023-19,2023-05-08,150,0
36,2023-20,2023-05-15,126,0
36,2023-21,2023-05-22,149,1
36,2023-22,2023-05-29,137,1
36,2023-23,2023-06-05,103,0
36,2023-24,2023-06-12,118,0
36,2023-25,2023-06-19,121,0
36,2023-26,2023-06-26,130,1
36,2023-27,2023-07-03,116,1
36,2023-28,2023-07-10,111,1
36,2023-29,2023-07-17,114,1
36,2023-30,2023-07-24,133,2
36,2023-31,2023-07-31,130,1
36,2023-32,2023-08-07,120,0
36,2023-33,2023-08-14,107,0
36,2023-34,2023-08-21,115,0
36,2023-35,2023-08-28,135,0
36,2023-36,2023-09-04,128,0
36,2023-37,2023-09-11,132,0
36,2023-38,2023-09-18,122,0
36,2023-39,2023-09-25,139,0
36,2023-40,2023-10-02,138,0
36,2023-41,2023-10-09,136,1
36,2023-42,2023-10-16,162,1
36,2023-43,2023-10-23,169,0
36,2023-44,2023-10-30,174,0
36,2023-45,2023-11-06,201,0
36,2023-46,2023-11-13,177,0
36,2023-47,2023-11-20,196,0
36,2023-48,2023-11-27,225,1
36,2023-49,2023-12-04,230,0
36,2023-50,2023-12-11,239,1
36,2023-51,2023-12-18,212,0
36,2023-52,2023-12-25,227,0
36,2024-01,2024-01-01,214,0
36,2024-02,2024-01-08,217,0
36,2024-03,2024-01-15,231,1
36,2024-04,2024-01-22,255,1
36,2024-05,2024-01-29,221,0
36,2024-06,2024-02-05,231,0
36,2024-07,2024-02-12,250,2
36,2024-08,2024-02-19,223,0
36,2024-09,2024-02-26,215,0
36,2024-10,2024-03-04,232,0
36,2024-11,2024-03-11,226,1
36,2024-12,2024-03-18,188,0
36,2024-13,2024-03-25,225,2
36,2024-14,2024-04-01,200,0
36,2024-15,2024-04-08,205,1
36,2024-16,2024-04-15,182,0
36,2024-17,2024-04-22,185,0
36,2024-18,2024-04-29,179,0
36,2024-19,2024-05-06,160,0
36,2024-20,2024-05-13,162,1
36,2024-21,2024-05-20,155,0
36,2024-22,2024-05-27,149,0
36,2024-23,2024-06-03,140,0
36,2024-24,2024-06-10,139,0
36,2024-25,2024-06-17,157,1
36,2024-26,2024-06-24,118,1
36,2024-27,2024-07-01,145,1
36,2024-28,2024-07-08,158,2
36,2024-29,2024-07-15,132,1
36,2024-30,2024-07-22,123,0
36,2024-31,2024-07-29,116,0
36,2024-32,2024-08-05,139,0
36,2024-33,2024-08-12,112,0
36,2024-34,2024-08-19,138,1
36,2024-35,2024-08-26,129,0
36,2024-36,2024-09-02,133,0
36,2024-37,2024-09-09,139,0
36,2024-38,2024-09-16,132,1
36,2024-39,2024-09-23,164,1
36,2024-40,2024-09-30,160,1
36,2024-41,2024-10-07,160,0
36,2024-42,2024-10-14,175,1
36,2024-43,2024-10-21,191,2
36,2024-44,2024-10-28,185,0
36,2024-45,2024-11-04,220,2
36,2024-46,2024-11-11,226,1
36,2024-47,2024-11-18,221,1
36,2024-48,2024-11-25,240,2
36,2024-49,2024-12-02,230,1
36,2024-50,2024-12-09,212,0
36,2024-51,2024-12-16,241,0
36,2024-52,2024-12-23,239,0
36,2024-53,2024-12-30,61,0
36,2025-00,2025-01-01,185,1
36,2025-01,2025-01-06,241,0
36,2025-02,2025-01-13,204,0
36,2025-03,2025-01-20,227,0
36,2025-04,2025-01-27,265,0
36,2025-05,2025-02-03,244,0
36,2025-06,2025-02-10,263,1
36,2025-07,2025-02-17,249,1
36,2025-08,2025-02-24,240,0
36,2025-09,2025-03-03,241,1
36,2025-10,2025-03-10,250,2
36,2025-11,2025-03-17,235,1
36,2025-12,2025-03-24,219,0
36,2025-13,2025-03-31,197,0
36,2025-14,2025-04-07,229,2
36,2025-15,2025-04-14,205,1
36,2025-16,2025-04-21,199,2
36,2025-17,2025-04-28,183,0
36,2025-18,2025-05-05,190,0
36,2025-19,2025-05-12,189,0
36,2025-20,2025-05-19,161,1
36,2025-21,2025-05-26,181,1
36,2025-22,2025-06-02,160,1
36,2025-23,2025-06-09,181,1
36,2025-24,2025-06-16,153,0
36,2025-25,2025-06-23,135,1
36,2025-26,2025-06-30,147,1
36,2025-27,2025-07-07,164,1
36,2025-28,2025-07-14,118,1
36,2025-29,2025-07-21,124,1
36,2025-30,2025-07-28,123,0
36,2025-31,2025-08-04,135,1
36,2025-32,2025-08-11,155,1
36,2025-33,2025-08-18,121,0
36,2025-34,2025-08-25,134,0
36,2025-35,2025-09-01,171,1
36,2025-36,2025-09-08,137,1
36,2025-37,2025-09-15,172,1
36,2025-38,2025-09-22,176,1
36,2025-39,2025-09-29,184,2
36,2025-40,2025-10-06,188,2
36,2025-41,2025-10-13,178,1
36,2025-42,2025-10-20,219,2
36,2025-43,2025-10-27,201,1
36,2025-44,2025-11-03,212,1
36,2025-45,2025-11-10,206,0
36,2025-46,2025-11-17,237,1
36,2025-47,2025-11-24,265,1
36,2025-48,2025-12-01,236,0
36,2025-49,2025-12-08,260,1
36,2025-50,2025-12-15,258,1
36,2025-51,2025-12-22,242,1
36,2025-52,2025-12-29,116,0
37,2023-00,2023-01-01,30,0
37,2023-01,2023-01-02,182,0
37,2023-02,2023-01-09,205,1
37,2023-03,2023-01-16,216,2
37,2023-04,2023-01-23,170,0
37,2023-05,2023-01-30,210,1
37,2023-06,2023-02-06,202,0
37,2023-07,2023-02-13,192,0
37,2023-08,2023-02-20,195,1
37,2023-09,2023-02-27,187,1
37,2023-10,2023-03-06,170,1
37,2023-11,2023-03-13,196,1
37,2023-12,2023-03-20,180,1
37,2023-13,2023-03-27,181,1
37,2023-14,2023-04-03,176,0
37,2023-15,2023-04-10,190,3
37,2023-16,2023-04-17,157,0
37,2023-17,2023-04-24,135,0
37,2023-18,2023-05-01,147,1
37,2023-19,2023-05-08,135,0
37,2023-20,2023-05-15,128,0
37,2023-21,2023-05-22,124,0
37,2023-22,2023-05-29,103,0
37,2023-23,2023-06-05,124,1
37,2023-24,2023-06-12,132,1
37,2023-25,2023-06-19,99,0
37,2023-26,2023-06-26,112,1
37,2023-27,2023-07-03,92,1
37,2023-28,2023-07-10,96,1
37,2023-29,2023-07-17,115,0
37,2023-30,2023-07-24,92,0
37,2023-31,2023-07-31,100,1
37,2023-32,2023-08-07,100,1
37,2023-33,2023-08-14,105,1
37,2023-34,2023-08-21,113,1
37,2023-35,2023-08-28,111,0
37,2023-36,2023-09-04,100,0
37,2023-37,2023-09-11,156,2
37,2023-38,2023-09-18,137,1
37,2023-39,2023-09-25,126,0
37,2023-40,2023-10-02,135,1
37,2023-41,2023-10-09,134,0
37,2023-42,2023-10-16,137,0
37,2023-43,2023-10-23,148,0
37,2023-44,2023-10-30,151,1
37,2023-45,2023-11-06,156,0
37,2023-46,2023-11-13,164,0
37,2023-47,2023-11-20,214,2
37,2023-48,2023-11-27,198,1
37,2023-49,2023-12-04,198,1
37,2023-50,2023-12-11,201,1
37,2023-51,2023-12-18,218,1
37,2023-52,2023-12-25,186,0
37,2024-01,2024-01-01,198,0
37,2024-02,2024-01-08,181,0
37,2024-03,2024-01-15,223,1
37,2024-04,2024-01-22,213,1
37,2024-05,2024-01-29,187,0
37,2024-06,2024-02-05,211,1
37,2024-07,2024-02-12,206,0
37,2024-08,2024-02-19,222,2
37,2024-09,2024-02-26,230,2
37,2024-10,2024-03-04,206,1
37,2024-11,2024-03-11,197,1
37,2024-12,2024-03-18,199,1
37,2024-13,2024-03-25,182,0
37,2024-14,2024-04-01,172,1
37,2024-15,2024-04-08,158,0
37,2024-16,2024-04-15,185,1
37,2024-17,2024-04-22,164,0
37,2024-18,2024-04-29,142,0
37,2024-19,2024-05-06,146,1
37,2024-20,2024-05-13,127,0
37,2024-21,2024-05-20,137,1
37,2024-22,2024-05-27,128,0
37,2024-23,2024-06-03,152,1
37,2024-24,2024-06-10,148,2
37,2024-25,2024-06-17,114,0
37,2024-26,2024-06-24,125,1
37,2024-27,2024-07-01,100,0
37,2024-28,2024-07-08,139,1
37,2024-29,2024-07-15,126,1
37,2024-30,2024-07-22,104,0
37,2024-31,2024-07-29,115,0
37,2024-32,2024-08-05,115,2
37,2024-33,2024-08-12,120,1
37,2024-34,2024-08-19,121,1
37,2024-35,2024-08-26,122,1
37,2024-36,2024-09-02,122,1
37,2024-37,2024-09-09,134,2
37,2024-38,2024-09-16,135,0
37,2024-39,2024-09-23,172,1
37,2024-40,2024-09-30,142,0
37,2024-41,2024-10-07,160,2
37,2024-42,2024-10-14,149,0
37,2024-43,2024-10-21,153,0
37,2024-44,2024-10-28,169,0
37,2024-45,2024-11-04,167,0
37,2024-46,2024-11-11,193,1
37,2024-47,2024-11-18,185,1
37,2024-48,2024-11-25,194,1
37,2024-49,2024-12-03,173,1
37,2024-50,2024-12-09,216,1
37,2024-51,2024-12-16,180,0
37,2024-52,2024-12-23,208,0
37,2024-53,2024-12-30,55,0
37,2025-00,2025-01-01,149,0
37,2025-01,2025-01-06,215,0
37,2025-02,2025-01-13,199,0
37,2025-03,2025-01-20,213,0
37,2025-04,2025-01-27,221,0
37,2025-05,2025-02-03,204,0
37,2025-06,2025-02-10,219,0
37,2025-07,2025-02-17,219,1
37,2025-08,2025-02-24,203,0
37,2025-09,2025-03-03,205,0
37,2025-10,2025-03-10,179,0
37,2025-11,2025-03-17,219,1
37,2025-12,2025-03-24,192,0
37,2025-13,2025-03-31,182,0
37,2025-14,2025-04-07,193,2
37,2025-15,2025-04-14,174,0
37,2025-16,2025-04-21,184,2
37,2025-17,2025-04-28,169,0
37,2025-18,2025-05-05,167,1
37,2025-19,2025-05-12,155,0
37,2025-20,2025-05-19,159,0
37,2025-21,2025-05-26,140,0
37,2025-22,2025-06-02,122,0
37,2025-23,2025-06-09,158,1
37,2025-24,2025-06-16,114,0
37,2025-25,2025-06-23,121,0
37,2025-26,2025-06-30,116,0
37,2025-27,2025-07-07,122,1
37,2025-28,2025-07-14,132,1
37,2025-29,2025-07-21,140,2
37,2025-30,2025-07-29,133,2
37,2025-31,2025-08-04,127,0
37,2025-32,2025-08-11,147,2
37,2025-33,2025-08-18,116,0
37,2025-34,2025-08-25,120,0
37,2025-35,2025-09-01,161,2
37,2025-36,2025-09-08,159,1
37,2025-37,2025-09-15,167,1
37,2025-38,2025-09-22,161,0
37,2025-39,2025-09-29,164,1
37,2025-40,2025-10-06,166,1
37,2025-41,2025-10-13,163,0
37,2025-42,2025-10-20,177,0
37,2025-43,2025-10-27,174,0
37,2025-44,2025-11-03,192,1
37,2025-45,2025-11-10,198,1
37,2025-46,2025-11-17,189,1
37,2025-47,2025-11-24,254,3
37,2025-48,2025-12-01,206,1
37,2025-49,2025-12-08,220,1
37,2025-50,2025-12-15,207,0
37,2025-51,2025-12-22,253,2
37,2025-52,2025-12-29,86,0
38,2023-00,2023-01-01,25,0
38,2023-01,2023-01-02,195,1
38,2023-02,2023-01-09,199,2
38,2023-03,2023-01-16,194,1
38,2023-04,2023-01-23,182,0
38,2023-05,2023-01-30,193,0
38,2023-06,2023-02-06,183,0
38,2023-07,2023-02-13,185,0
38,2023-08,2023-02-20,195,1
38,2023-09,2023-02-27,195,2
38,2023-10,2023-03-06,183,1
38,2023-11,2023-03-13,179,0
38,2023-12,2023-03-20,159,0
38,2023-13,2023-03-27,178,1
38,2023-14,2023-04-03,153,0
38,2023-15,2023-04-10,152,0
38,2023-16,2023-04-17,149,0
38,2023-17,2023-04-24,134,0
38,2023-18,2023-05-01,136,1
38,2023-19,2023-05-08,136,1
38,2023-20,2023-05-15,128,0
38,2023-21,2023-05-22,125,0
38,2023-22,2023-05-29,120,0
38,2023-23,2023-06-05,103,1
38,2023-24,2023-06-12,106,0
38,2023-25,2023-06-19,97,0
38,2023-26,2023-06-26,109,1
38,2023-27,2023-07-03,89,1
38,2023-28,2023-07-10,82,0
38,2023-29,2023-07-17,102,0
38,2023-30,2023-07-24,98,1
38,2023-31,2023-07-31,89,0
38,2023-32,2023-08-07,108,1
38,2023-33,2023-08-14,98,0
38,2023-34,2023-08-21,103,0
38,2023-35,2023-08-28,88,0
38,2023-36,2023-09-04,99,0
38,2023-37,2023-09-11,109,0
38,2023-38,2023-09-18,113,0
38,2023-39,2023-09-25,118,0
38,2023-40,2023-10-02,143,2
38,2023-41,2023-10-09,143,1
38,2023-42,2023-10-16,148,1
38,2023-43,2023-10-23,154,1
38,2023-44,2023-10-30,170,2
38,2023-45,2023-11-06,135,0
38,2023-46,2023-11-13,153,0
38,2023-47,2023-11-20,158,2
38,2023-48,2023-11-27,191,1
38,2023-49,2023-12-04,185,1
38,2023-50,2023-12-11,185,1
38,2023-51,2023-12-18,186,0
38,2023-52,2023-12-25,209,1
38,2024-01,2024-01-01,198,0
38,2024-02,2024-01-08,215,2
38,2024-03,2024-01-15,191,0
38,2024-04,2024-01-22,207,1
38,2024-05,2024-01-29,210,2
38,2024-06,2024-02-05,195,0
38,2024-07,2024-02-12,207,1
38,2024-08,2024-02-19,192,0
38,2024-09,2024-02-26,190,1
38,2024-10,2024-03-04,178,0
38,2024-11,2024-03-11,205,1
38,2024-12,2024-03-18,173,0
38,2024-13,2024-03-25,162,0
38,2024-14,2024-04-01,170,0
38,2024-15,2024-04-08,172,1
38,2024-16,2024-04-15,155,0
38,2024-17,2024-04-22,151,0
38,2024-18,2024-04-29,134,0
38,2024-19,2024-05-06,138,1
38,2024-20,2024-05-13,117,0
38,2024-21,2024-05-20,141,1
38,2024-22,2024-05-27,134,2
38,2024-23,2024-06-03,135,1
38,2024-24,2024-06-10,126,0
38,2024-25,2024-06-17,108,1
38,2024-26,2024-06-24,123,1
38,2024-27,2024-07-01,93,0
38,2024-28,2024-07-08,104,1
38,2024-29,2024-07-15,114,0
38,2024-30,2024-07-22,121,0
38,2024-31,2024-07-29,106,2
38,2024-32,2024-08-05,91,0
38,2024-33,2024-08-12,98,0
38,2024-34,2024-08-19,101,0
38,2024-35,2024-08-26,128,1
38,2024-36,2024-09-02,120,1
38,2024-37,2024-09-09,136,2
38,2024-38,2024-09-16,117,0
38,2024-39,2024-09-23,123,0
38,2024-40,2024-09-30,142,0
38,2024-41,2024-10-07,136,0
38,2024-42,2024-10-14,167,1
38,2024-43,2024-10-21,141,0
38,2024-44,2024-10-28,167,1
38,2024-45,2024-11-04,118,0
38,2024-46,2024-11-11,163,0
38,2024-47,2024-11-18,173,0
38,2024-48,2024-11-25,190,0
38,2024-49,2024-12-02,174,0
38,2024-50,2024-12-09,201,1
38,2024-51,2024-12-16,186,0
38,2024-52,2024-12-23,197,0
38,2024-53,2024-12-30,59,0
38,2025-00,2025-01-01,134,0
38,2025-01,2025-01-06,197,0
38,2025-02,2025-01-13,212,0
38,2025-03,2025-01-20,212,1
38,2025-04,2025-01-27,189,0
38,2025-05,2025-02-03,197,0
38,2025-06,2025-02-10,209,0
38,2025-07,2025-02-17,201,0
38,2025-08,2025-02-24,200,0
38,2025-09,2025-03-03,208,1
38,2025-10,2025-03-10,176,0
38,2025-11,2025-03-17,174,0
38,2025-12,2025-03-24,193,1
38,2025-13,2025-03-31,191,2
38,2025-14,2025-04-07,197,2
38,2025-15,2025-04-14,167,2
38,2025-16,2025-04-21,153,0
38,2025-17,2025-04-28,137,0
38,2025-18,2025-05-05,158,0
38,2025-19,2025-05-12,159,1
38,2025-20,2025-05-19,164,3
38,2025-21,2025-05-26,127,0
38,2025-22,2025-06-02,136,0
38,2025-23,2025-06-09,141,1
38,2025-24,2025-06-16,115,1
38,2025-25,2025-06-23,128,0
38,2025-26,2025-06-30,116,1
38,2025-27,2025-07-07,120,0
38,2025-28,2025-07-14,125,1
38,2025-29,2025-07-21,117,1
38,2025-30,2025-07-28,101,0
38,2025-31,2025-08-04,119,0
38,2025-32,2025-08-11,121,2
38,2025-33,2025-08-18,127,0
38,2025-34,2025-08-25,109,0
38,2025-35,2025-09-01,136,2
38,2025-36,2025-09-08,125,0
38,2025-37,2025-09-15,146,2
38,2025-38,2025-09-22,153,1
38,2025-39,2025-09-29,146,0
38,2025-40,2025-10-06,155,0
38,2025-41,2025-10-13,152,0
38,2025-42,2025-10-20,167,0
38,2025-43,2025-10-27,170,0
38,2025-44,2025-11-03,167,0
38,2025-45,2025-11-10,185,0
38,2025-46,2025-11-17,195,1
38,2025-47,2025-11-24,169,0
38,2025-48,2025-12-01,185,0
38,2025-49,2025-12-08,200,0
38,2025-50,2025-12-15,189,0
38,2025-51,2025-12-23,179,2
38,2025-52,2025-12-29,83,0
39,2023-00,2023-01-01,4,0
39,2023-01,2023-01-02,35,1
39,2023-02,2023-01-09,32,0
39,2023-03,2023-01-16,36,0
39,2023-04,2023-01-23,33,0
39,2023-05,2023-01-30,32,0
39,2023-06,2023-02-06,33,0
39,2023-07,2023-02-13,30,0
39,2023-08,2023-02-20,34,0
39,2023-09,2023-02-27,33,0
39,2023-10,2023-03-06,38,2
39,2023-11,2023-03-13,33,1
39,2023-12,2023-03-20,31,0
39,2023-13,2023-03-27,30,1
39,2023-14,2023-04-03,26,1
39,2023-15,2023-04-10,28,0
39,2023-16,2023-04-17,24,0
39,2023-17,2023-04-24,25,1
39,2023-18,2023-05-01,21,0
39,2023-19,2023-05-08,24,0
39,2023-20,2023-05-15,21,0
39,2023-21,2023-05-22,18,2
39,2023-22,2023-05-29,21,0
39,2023-23,2023-06-05,18,1
39,2023-24,2023-06-12,15,0
39,2023-25,2023-06-19,17,0
39,2023-26,2023-06-26,19,1
39,2023-27,2023-07-03,18,0
39,2023-28,2023-07-10,17,0
39,2023-29,2023-07-17,14,0
39,2023-30,2023-07-24,17,0
39,2023-31,2023-07-31,21,0
39,2023-32,2023-08-07,19,0
39,2023-33,2023-08-14,17,0
39,2023-34,2023-08-21,17,0
39,2023-35,2023-08-28,19,0
39,2023-36,2023-09-04,12,0
39,2023-37,2023-09-11,19,1
39,2023-38,2023-09-18,18,0
39,2023-39,2023-09-25,21,0
39,2023-40,2023-10-02,24,1
39,2023-41,2023-10-09,23,0
39,2023-42,2023-10-16,21,0
39,2023-43,2023-10-23,25,1
39,2023-44,2023-10-30,25,1
39,2023-45,2023-11-06,29,2
39,2023-46,2023-11-13,31,1
39,2023-47,2023-11-20,30,1
39,2023-48,2023-11-27,33,1
39,2023-49,2023-12-04,35,3
39,2023-50,2023-12-11,32,0
39,2023-51,2023-12-18,34,0
39,2023-52,2023-12-25,37,2
39,2024-01,2024-01-01,31,0
39,2024-02,2024-01-08,37,0
39,2024-03,2024-01-15,36,1
39,2024-04,2024-01-22,33,0
39,2024-05,2024-01-29,34,0
39,2024-06,2024-02-05,34,0
39,2024-07,2024-02-12,34,1
39,2024-08,2024-02-19,33,0
39,2024-09,2024-02-26,35,1
39,2024-10,2024-03-04,34,1
39,2024-11,2024-03-11,28,1
39,2024-12,2024-03-18,32,0
39,2024-13,2024-03-25,26,0
39,2024-14,2024-04-01,31,0
39,2024-15,2024-04-08,30,0
39,2024-16,2024-04-15,28,0
39,2024-17,2024-04-22,27,0
39,2024-18,2024-04-29,26,1
39,2024-19,2024-05-06,26,0
39,2024-20,2024-05-13,21,0
39,2024-21,2024-05-20,21,0
39,2024-22,2024-05-27,26,3
39,2024-23,2024-06-03,20,1
39,2024-24,2024-06-10,19,0
39,2024-25,2024-06-17,20,1
39,2024-26,2024-06-24,22,2
39,2024-27,2024-07-01,20,0
39,2024-28,2024-07-08,19,1
39,2024-29,2024-07-15,20,0
39,2024-30,2024-07-22,16,0
39,2024-31,2024-07-29,17,1
39,2024-32,2024-08-05,17,2
39,2024-33,2024-08-12,19,0
39,2024-34,2024-08-19,19,0
39,2024-35,2024-08-26,17,2
39,2024-36,2024-09-02,20,0
39,2024-37,2024-09-09,22,0
39,2024-38,2024-09-16,25,1
39,2024-39,2024-09-23,20,2
39,2024-40,2024-09-30,25,0
39,2024-41,2024-10-07,26,0
39,2024-42,2024-10-14,26,1
39,2024-43,2024-10-22,27,2
39,2024-44,2024-10-28,30,1
39,2024-45,2024-11-04,29,0
39,2024-46,2024-11-11,31,1
39,2024-47,2024-11-18,35,1
39,2024-48,2024-11-25,32,0
39,2024-49,2024-12-02,35,0
39,2024-50,2024-12-09,34,1
39,2024-51,2024-12-16,37,1
39,2024-52,2024-12-23,32,0
39,2024-53,2024-12-30,10,0
39,2025-00,2025-01-01,30,2
39,2025-01,2025-01-06,38,1
39,2025-02,2025-01-13,36,0
39,2025-03,2025-01-20,34,0
39,2025-04,2025-01-27,37,0
39,2025-05,2025-02-03,37,1
39,2025-06,2025-02-10,39,1
39,2025-07,2025-02-17,39,1
39,2025-08,2025-02-24,34,1
39,2025-09,2025-03-03,36,1
39,2025-10,2025-03-10,35,0
39,2025-11,2025-03-17,30,0
39,2025-12,2025-03-24,36,1
39,2025-13,2025-03-31,34,1
39,2025-14,2025-04-07,30,1
39,2025-15,2025-04-14,28,0
39,2025-16,2025-04-21,28,1
39,2025-17,2025-04-28,27,0
39,2025-18,2025-05-05,29,0
39,2025-19,2025-05-12,23,0
39,2025-20,2025-05-19,27,1
39,2025-21,2025-05-26,28,2
39,2025-22,2025-06-02,23,0
39,2025-23,2025-06-09,21,1
39,2025-24,2025-06-16,23,0
39,2025-25,2025-06-23,23,1
39,2025-26,2025-06-30,20,1
39,2025-27,2025-07-07,20,1
39,2025-28,2025-07-14,20,0
39,2025-29,2025-07-21,17,0
39,2025-30,2025-07-28,18,0
39,2025-31,2025-08-04,23,0
39,2025-32,2025-08-11,23,2
39,2025-33,2025-08-18,20,0
39,2025-34,2025-08-25,21,0
39,2025-35,2025-09-01,24,1
39,2025-36,2025-09-08,24,1
39,2025-37,2025-09-15,24,0
39,2025-38,2025-09-22,23,0
39,2025-39,2025-09-29,21,1
39,2025-40,2025-10-06,27,0
39,2025-41,2025-10-13,32,1
39,2025-42,2025-10-20,28,1
39,2025-43,2025-10-27,29,1
39,2025-44,2025-11-03,34,2
39,2025-45,2025-11-10,31,1
39,2025-46,2025-11-17,35,1
39,2025-47,2025-11-24,34,0
39,2025-48,2025-12-01,39,1
39,2025-49,2025-12-08,34,0
39,2025-50,2025-12-15,38,1
39,2025-51,2025-12-22,39,1
39,2025-52,2025-12-29,16,0
40,2023-00,2023-01-01,3,0
40,2023-01,2023-01-02,25,0
40,2023-02,2023-01-09,28,1
40,2023-03,2023-01-16,27,0
40,2023-04,2023-01-23,26,0
40,2023-05,2023-01-30,24,0
40,2023-06,2023-02-06,31,1
40,2023-07,2023-02-13,25,2
40,2023-08,2023-02-20,27,0
40,2023-09,2023-02-27,29,3
40,2023-10,2023-03-06,25,0
40,2023-11,2023-03-13,24,0
40,2023-12,2023-03-20,25,0
40,2023-13,2023-03-27,22,1
40,2023-14,2023-04-03,20,0
40,2023-15,2023-04-10,26,2
40,2023-16,2023-04-17,19,0
40,2023-17,2023-04-24,20,1
40,2023-18,2023-05-01,19,0
40,2023-19,2023-05-08,20,0
40,2023-20,2023-05-15,19,1
40,2023-21,2023-05-22,15,1
40,2023-22,2023-05-29,15,1
40,2023-23,2023-06-05,15,0
40,2023-24,2023-06-12,15,0
40,2023-25,2023-06-19,15,0
40,2023-26,2023-06-26,13,2
40,2023-27,2023-07-03,15,2
40,2023-28,2023-07-10,14,0
40,2023-29,2023-07-17,11,0
40,2023-30,2023-07-24,13,0
40,2023-31,2023-07-31,15,2
40,2023-32,2023-08-07,15,0
40,2023-33,2023-08-14,14,0
40,2023-34,2023-08-21,13,1
40,2023-35,2023-08-28,16,1
40,2023-36,2023-09-04,16,1
40,2023-37,2023-09-11,16,0
40,2023-38,2023-09-18,16,1
40,2023-39,2023-09-25,16,0
40,2023-40,2023-10-02,18,0
40,2023-41,2023-10-09,17,0
40,2023-42,2023-10-16,19,1
40,2023-43,2023-10-23,20,2
40,2023-44,2023-10-30,20,1
40,2023-45,2023-11-06,22,1
40,2023-46,2023-11-13,16,0
40,2023-47,2023-11-20,22,0
40,2023-48,2023-11-27,20,0
40,2023-49,2023-12-04,27,1
40,2023-50,2023-12-11,23,0
40,2023-51,2023-12-18,25,0
40,2023-52,2023-12-25,29,2
40,2024-01,2024-01-01,28,0
40,2024-02,2024-01-08,26,0
40,2024-03,2024-01-15,34,3
40,2024-04,2024-01-22,28,0
40,2024-05,2024-01-29,31,1
40,2024-06,2024-02-05,26,0
40,2024-07,2024-02-12,26,0
40,2024-08,2024-02-19,26,0
40,2024-09,2024-02-26,25,0
40,2024-10,2024-03-04,25,0
40,2024-11,2024-03-11,25,0
40,2024-12,2024-03-18,28,2
40,2024-13,2024-03-25,23,0
40,2024-14,2024-04-01,22,0
40,2024-15,2024-04-08,24,1
40,2024-16,2024-04-15,23,0
40,2024-17,2024-04-22,21,0
40,2024-18,2024-04-29,22,1
40,2024-19,2024-05-06,21,1
40,2024-20,2024-05-13,19,0
40,2024-21,2024-05-20,17,0
40,2024-22,2024-05-27,18,2
40,2024-23,2024-06-03,17,1
40,2024-24,2024-06-10,18,0
40,2024-25,2024-06-17,16,0
40,2024-26,2024-06-24,13,2
40,2024-27,2024-07-01,14,1
40,2024-28,2024-07-08,15,0
40,2024-29,2024-07-15,13,0
40,2024-30,2024-07-22,14,0
40,2024-31,2024-07-29,14,0
40,2024-32,2024-08-05,18,0
40,2024-33,2024-08-12,16,0
40,2024-34,2024-08-19,14,0
40,2024-35,2024-08-26,17,3
40,2024-36,2024-09-02,17,2
40,2024-37,2024-09-09,18,1
40,2024-38,2024-09-16,17,0
40,2024-39,2024-09-23,19,1
40,2024-40,2024-09-30,19,0
40,2024-41,2024-10-07,18,2
40,2024-42,2024-10-14,20,0
40,2024-43,2024-10-21,18,1
40,2024-44,2024-10-28,21,0
40,2024-45,2024-11-04,23,0
40,2024-46,2024-11-11,22,0
40,2024-47,2024-11-18,25,0
40,2024-48,2024-11-25,29,2
40,2024-49,2024-12-02,26,0
40,2024-50,2024-12-09,28,1
40,2024-51,2024-12-16,26,1
40,2024-52,2024-12-23,29,0
40,2024-53,2024-12-30,11,1
40,2025-00,2025-01-01,19,0
40,2025-01,2025-01-06,30,0
40,2025-02,2025-01-13,29,0
40,2025-03,2025-01-20,27,0
40,2025-04,2025-01-27,29,0
40,2025-05,2025-02-03,29,1
40,2025-06,2025-02-10,33,3
40,2025-07,2025-02-17,28,0
40,2025-08,2025-02-24,27,0
40,2025-09,2025-03-03,26,0
40,2025-10,2025-03-10,30,1
40,2025-11,2025-03-17,25,0
40,2025-12,2025-03-24,28,1
40,2025-13,2025-03-31,26,1
40,2025-14,2025-04-07,29,3
40,2025-15,2025-04-14,23,0
40,2025-16,2025-04-21,26,1
40,2025-17,2025-04-28,22,0
40,2025-18,2025-05-05,21,1
40,2025-19,2025-05-12,25,2
40,2025-20,2025-05-19,20,0
40,2025-21,2025-05-26,17,0
40,2025-22,2025-06-02,18,1
40,2025-23,2025-06-09,15,0
40,2025-24,2025-06-16,18,1
40,2025-25,2025-06-23,17,1
40,2025-26,2025-06-30,16,0
40,2025-27,2025-07-07,20,1
40,2025-28,2025-07-14,16,0
40,2025-29,2025-07-21,16,0
40,2025-30,2025-07-28,14,1
40,2025-31,2025-08-04,16,0
40,2025-32,2025-08-11,18,0
40,2025-33,2025-08-18,16,0
40,2025-34,2025-08-25,15,1
40,2025-35,2025-09-01,16,0
40,2025-36,2025-09-08,19,0
40,2025-37,2025-09-15,17,1
40,2025-38,2025-09-22,20,0
40,2025-39,2025-09-29,22,1
40,2025-40,2025-10-06,20,0
40,2025-41,2025-10-13,25,1
40,2025-42,2025-10-20,20,0
40,2025-43,2025-10-27,23,1
40,2025-44,2025-11-03,25,1
40,2025-45,2025-11-10,25,0
40,2025-46,2025-11-17,26,1
40,2025-47,2025-11-24,27,1
40,2025-48,2025-12-01,29,0
40,2025-49,2025-12-08,23,0
40,2025-50,2025-12-15,27,0
40,2025-51,2025-12-22,29,0
40,2025-52,2025-12-29,12,0
